id,first_name,last_name,email,gender,experience
1,Ray,Kilgrew,rkilgrew0@rakuten.co.jp,Male
2,Wyn,Okroy,wokroy1@hexun.com,Genderqueer
3,Gilberto,Fero,gfero2@booking.com,Male
4,Farly,Prevett,fprevett3@ehow.com,Male
5,Claudetta,Newtown,cnewtown4@google.pl,Female
6,Kalli,Cureton,kcureton5@blogtalkradio.com,Female
7,Jamie,Hayselden,jhayselden6@amazon.co.uk,Male
8,Kennith,Wheatland,kwheatland7@squarespace.com,Male
9,Ingeberg,Finlason,ifinlason8@usa.gov,Female
10,Carrissa,Connochie,cconnochie9@twitpic.com,Agender
11,Maxie,Alpes,malpesa@bluehost.com,Female
12,Merrill,Whalebelly,mwhalebellyb@networkadvertising.org,Female
13,Uriel,Josifovitz,ujosifovitzc@tmall.com,Male
14,Annemarie,Lackie,alackied@symantec.com,Agender
15,Lenka,Vasentsov,lvasentsove@digg.com,Female
16,Florina,Scarr,fscarrf@oracle.com,Female
17,Doro,Jurasek,djurasekg@wired.com,Female
18,Ravid,Haygreen,rhaygreenh@joomla.org,Male
19,Kari,Crimp,kcrimpi@is.gd,Female
20,Miriam,Ellingworth,mellingworthj@is.gd,Female
21,Eleanore,Trevallion,etrevallionk@imageshack.us,Female
22,Windham,Ferrettino,wferrettinol@sourceforge.net,Male
23,Vassili,Freegard,vfreegardm@elpais.com,Male
24,Amalita,Basson,abassonn@dropbox.com,Female
25,Brit,McAviy,bmcaviyo@chron.com,Female
26,Margo,Holttom,mholttomp@google.com,Female
27,Humfried,Jessett,hjessettq@seattletimes.com,Male
28,Harriet,Dorgan,hdorganr@slate.com,Female
29,Crichton,Van Velde,cvanveldes@unesco.org,Male
30,Martynne,Ludlom,mludlomt@com.com,Female
31,Neddie,MacCaull,nmaccaullu@twitpic.com,Male
32,Goldina,Plumbridge,gplumbridgev@buzzfeed.com,Female
33,Ellis,Swateridge,eswateridgew@icio.us,Male
34,Prisca,Cornick,pcornickx@washington.edu,Female
35,Franklin,McCritichie,fmccritichiey@salon.com,Male
36,Jsandye,Voss,jvossz@bloglovin.com,Female
37,Constantine,Gredden,cgredden10@census.gov,Female
38,Ezri,Garie,egarie11@webmd.com,Male
39,Carlo,Suffield,csuffield12@hud.gov,Male
40,Thelma,Bartram,tbartram13@jugem.jp,Female
41,Josiah,Cornuau,jcornuau14@com.com,Male
42,Garrek,Coffelt,gcoffelt15@goodreads.com,Male
43,Roy,Asken,rasken16@fastcompany.com,Male
44,Ana,Cadamy,acadamy17@examiner.com,Female
45,Toni,Sackes,tsackes18@angelfire.com,Female
46,Torey,Chezier,tchezier19@techcrunch.com,Male
47,Donnajean,Trapp,dtrapp1a@webs.com,Female
48,Luella,Horder,lhorder1b@tuttocitta.it,Female
49,Gill,Burmaster,gburmaster1c@purevolume.com,Female
50,Wildon,Foster,wfoster1d@eepurl.com,Male
51,Abby,Loadman,aloadman1e@wix.com,Male
52,Cazzie,Marjoram,cmarjoram1f@unesco.org,Male
53,Kellsie,Mewett,kmewett1g@google.co.uk,Female
54,Berty,Mays,bmays1h@ftc.gov,Male
55,Kellen,Thurner,kthurner1i@bbc.co.uk,Male
56,Nicolina,Ivakhin,nivakhin1j@topsy.com,Female
57,Rhodia,Bremond,rbremond1k@ft.com,Female
58,Fifine,Mowles,fmowles1l@abc.net.au,Female
59,Wilmar,Wollers,wwollers1m@yolasite.com,Male
60,Gherardo,Cousin,gcousin1n@eventbrite.com,Male
61,Renae,Duffie,rduffie1o@auda.org.au,Female
62,Stace,Klempke,sklempke1p@guardian.co.uk,Female
63,Kalinda,Petrelluzzi,kpetrelluzzi1q@tripadvisor.com,Female
64,Corbie,Zincke,czincke1r@drupal.org,Male
65,Niel,Cockerell,ncockerell1s@ox.ac.uk,Male
66,Essa,Doohan,edoohan1t@typepad.com,Female
67,Karlotta,Flament,kflament1u@pinterest.com,Female
68,Cherianne,Yurkiewicz,cyurkiewicz1v@devhub.com,Bigender
69,Vittoria,McKinn,vmckinn1w@cam.ac.uk,Female
70,Warner,Ariss,wariss1x@technorati.com,Male
71,Diane-marie,Aggio,daggio1y@yale.edu,Female
72,Nerte,Phillot,nphillot1z@hostgator.com,Female
73,Basilius,McGeffen,bmcgeffen20@slashdot.org,Male
74,Leon,Rossiter,lrossiter21@bbb.org,Male
75,Ryley,Worsell,rworsell22@ezinearticles.com,Male
76,Massimo,Scoggin,mscoggin23@bing.com,Male
77,Lawry,Le Jean,llejean24@ocn.ne.jp,Agender
78,Maggie,MacCarter,mmaccarter25@over-blog.com,Female
79,Piotr,McMurray,pmcmurray26@furl.net,Male
80,Bogey,McGoldrick,bmcgoldrick27@xinhuanet.com,Male
81,Suzie,Yosifov,syosifov28@51.la,Female
82,Alexandros,Kitteringham,akitteringham29@gmpg.org,Male
83,Hillary,Boocock,hboocock2a@bizjournals.com,Male
84,Betty,Berg,bberg2b@upenn.edu,Female
85,Garey,Ranns,granns2c@free.fr,Male
86,Broderic,Rentenbeck,brentenbeck2d@comsenz.com,Male
87,Quinlan,Halegarth,qhalegarth2e@t-online.de,Male
88,Nickie,Klassman,nklassman2f@redcross.org,Female
89,Hiram,Penylton,hpenylton2g@opera.com,Male
90,Mamie,Catonnet,mcatonnet2h@tripod.com,Polygender
91,Genevieve,Spenceley,gspenceley2i@eepurl.com,Female
92,Agnesse,Longmate,alongmate2j@psu.edu,Female
93,Chlo,Raiker,craiker2k@cornell.edu,Female
94,Kermy,Borthram,kborthram2l@bing.com,Male
95,Willi,Dosdill,wdosdill2m@pinterest.com,Male
96,Gamaliel,Jacobowitz,gjacobowitz2n@bbb.org,Male
97,Cordie,Klimentyonok,cklimentyonok2o@rambler.ru,Male
98,Dinnie,Bonick,dbonick2p@paginegialle.it,Female
99,West,Banisch,wbanisch2q@whitehouse.gov,Male
100,Kellina,Sampey,ksampey2r@wsj.com,Female
101,Lara,Parmeter,lparmeter2s@goo.gl,Genderfluid
102,Meredith,Cornelissen,mcornelissen2t@uiuc.edu,Male
103,Ursola,Donnellan,udonnellan2u@163.com,Female
104,Mandy,Hefner,mhefner2v@mediafire.com,Female
105,Werner,Glendining,wglendining2w@google.ru,Male
106,Wood,Malletratt,wmalletratt2x@qq.com,Male
107,Herve,Crimp,hcrimp2y@go.com,Male
108,Ambrosio,Meron,ameron2z@chicagotribune.com,Male
109,Karim,Coker,kcoker30@histats.com,Male
110,Davine,Eliasen,deliasen31@trellian.com,Female
111,Cly,Rogeron,crogeron32@howstuffworks.com,Male
112,Caresa,Tarplee,ctarplee33@army.mil,Female
113,Isak,Pichan,ipichan34@jimdo.com,Male
114,Devora,Rodder,drodder35@house.gov,Female
115,Maxim,Schwandermann,mschwandermann36@virginia.edu,Male
116,Ora,Ricca,oricca37@thetimes.co.uk,Female
117,Poppy,Licciardello,plicciardello38@usnews.com,Female
118,Darn,Seamen,dseamen39@oaic.gov.au,Male
119,Barbra,Breakspear,bbreakspear3a@ovh.net,Female
120,Lucio,Vannoni,lvannoni3b@si.edu,Male
121,Pat,Trudgeon,ptrudgeon3c@goodreads.com,Male
122,Leopold,Sprake,lsprake3d@yahoo.com,Male
123,Devi,Newberry,dnewberry3e@shop-pro.jp,Female
124,Carmine,Pennoni,cpennoni3f@typepad.com,Female
125,Laina,Marsters,lmarsters3g@booking.com,Female
126,Marya,Kepe,mkepe3h@msn.com,Female
127,Hiram,Legendre,hlegendre3i@nhs.uk,Male
128,Tiertza,Gavagan,tgavagan3j@yellowbook.com,Female
129,Pierson,Wynrehame,pwynrehame3k@youtu.be,Male
130,Paco,Densham,pdensham3l@auda.org.au,Genderfluid
131,Lorens,Whatsize,lwhatsize3m@cisco.com,Male
132,Clarance,Riccardelli,criccardelli3n@last.fm,Male
133,Randolph,Bickerstasse,rbickerstasse3o@booking.com,Male
134,Bevvy,Arckoll,barckoll3p@ihg.com,Female
135,Daven,Wetton,dwetton3q@globo.com,Male
136,Kaylee,Lodwick,klodwick3r@t-online.de,Genderqueer
137,Rolando,Winwright,rwinwright3s@biglobe.ne.jp,Male
138,Masha,Reddick,mreddick3t@amazon.com,Female
139,Brooke,Odney,bodney3u@photobucket.com,Male
140,Cirillo,Hanbury-Brown,chanburybrown3v@vimeo.com,Male
141,Marys,MacKettrick,mmackettrick3w@ebay.co.uk,Female
142,Mahmud,Standrin,mstandrin3x@spiegel.de,Male
143,Flint,Breakwell,fbreakwell3y@vkontakte.ru,Male
144,Ninette,Tidcombe,ntidcombe3z@examiner.com,Female
145,Misha,Mayze,mmayze40@unesco.org,Female
146,Dave,Iiannoni,diiannoni41@nationalgeographic.com,Male
147,Madeline,Hinckesman,mhinckesman42@washington.edu,Female
148,Kaycee,de Merida,kdemerida43@shop-pro.jp,Female
149,Hyacinthia,Boulds,hboulds44@nbcnews.com,Female
150,Sydney,Iacobo,siacobo45@slashdot.org,Female
151,Ode,Charlton,ocharlton46@spiegel.de,Male
152,Klement,Pumphrey,kpumphrey47@reddit.com,Genderqueer
153,Marylin,Gather,mgather48@infoseek.co.jp,Female
154,Audi,Yendle,ayendle49@wufoo.com,Female
155,Redd,Stoneman,rstoneman4a@123-reg.co.uk,Male
156,Worthy,Castells,wcastells4b@creativecommons.org,Male
157,Casey,Peace,cpeace4c@squidoo.com,Male
158,Patrick,Elcum,pelcum4d@163.com,Male
159,Jennie,Frontczak,jfrontczak4e@virginia.edu,Genderfluid
160,Malynda,Kaufman,mkaufman4f@typepad.com,Female
161,Esme,Nipper,enipper4g@berkeley.edu,Female
162,Adrianna,Muffen,amuffen4h@mysql.com,Female
163,Felisha,Mulqueeny,fmulqueeny4i@nyu.edu,Female
164,Pail,Farlowe,pfarlowe4j@pagesperso-orange.fr,Agender
165,Stefa,Dunkerley,sdunkerley4k@arizona.edu,Female
166,Harper,Pettiford,hpettiford4l@indiegogo.com,Male
167,Orazio,Benzie,obenzie4m@google.de,Male
168,Brian,Maypowder,bmaypowder4n@si.edu,Male
169,Casey,Domoni,cdomoni4o@hhs.gov,Non-binary
170,Deeyn,Morcomb,dmorcomb4p@msn.com,Female
171,Eli,Renvoys,erenvoys4q@nytimes.com,Male
172,Hailey,Dockwra,hdockwra4r@bing.com,Male
173,Claude,Elderfield,celderfield4s@domainmarket.com,Female
174,Scott,Somerlie,ssomerlie4t@digg.com,Male
175,Emmanuel,Rampley,erampley4u@statcounter.com,Male
176,Boonie,Olliar,bolliar4v@bizjournals.com,Male
177,Ashli,Label,alabel4w@csmonitor.com,Female
178,Harlan,Kremer,hkremer4x@house.gov,Male
179,Merlina,Youngman,myoungman4y@sohu.com,Female
180,Templeton,Borg,tborg4z@purevolume.com,Male
181,Granny,Behrendsen,gbehrendsen50@cam.ac.uk,Male
182,Redd,Otterwell,rotterwell51@fda.gov,Male
183,Eilis,Pendlebery,ependlebery52@blogtalkradio.com,Female
184,Xever,Farrimond,xfarrimond53@rakuten.co.jp,Male
185,Arturo,Elsmore,aelsmore54@dion.ne.jp,Male
186,Marlie,Arnatt,marnatt55@addthis.com,Female
187,Martina,Kerwood,mkerwood56@wunderground.com,Polygender
188,Nero,Weddell,nweddell57@hexun.com,Male
189,Adrianne,Lloyd,alloyd58@twitpic.com,Genderqueer
190,Stacie,Kleinplac,skleinplac59@behance.net,Female
191,Antin,Burgis,aburgis5a@studiopress.com,Male
192,Virgilio,Ashburne,vashburne5b@homestead.com,Male
193,Levin,Danilin,ldanilin5c@lulu.com,Male
194,Bethany,Starmore,bstarmore5d@apple.com,Female
195,Araldo,Grimestone,agrimestone5e@squidoo.com,Male
196,Marje,Rosiello,mrosiello5f@hao123.com,Female
197,Simeon,Chambers,schambers5g@buzzfeed.com,Male
198,Kynthia,Adamson,kadamson5h@samsung.com,Female
199,Benton,Passo,bpasso5i@imgur.com,Male
200,Dagmar,Stichel,dstichel5j@spotify.com,Bigender
201,Gratiana,Broodes,gbroodes5k@fema.gov,Female
202,Sybil,Vivians,svivians5l@theatlantic.com,Female
203,Michael,Congrave,mcongrave5m@sfgate.com,Male
204,Kristina,Jollye,kjollye5n@cnbc.com,Female
205,Xerxes,O'Deoran,xodeoran5o@noaa.gov,Male
206,Wylma,Sellen,wsellen5p@europa.eu,Female
207,Alexine,Parlor,aparlor5q@imageshack.us,Female
208,Flemming,Dominick,fdominick5r@wix.com,Male
209,Brade,McGuckin,bmcguckin5s@fema.gov,Male
210,Farlee,Ponte,fponte5t@vkontakte.ru,Male
211,Agosto,Pawnsford,apawnsford5u@squarespace.com,Male
212,Livvie,Longmore,llongmore5v@twitter.com,Female
213,Hubert,Macellar,hmacellar5w@skyrock.com,Male
214,Cinderella,Ladon,cladon5x@pen.io,Female
215,Jaquenette,Luter,jluter5y@cbslocal.com,Female
216,Heall,Dencs,hdencs5z@ezinearticles.com,Male
217,Jacqueline,Bruford,jbruford60@yahoo.com,Genderfluid
218,Christabella,Storton,cstorton61@example.com,Female
219,Modestine,Matts,mmatts62@cam.ac.uk,Bigender
220,Whitney,Goreway,wgoreway63@merriam-webster.com,Male
221,Ulrikaumeko,Shatliffe,ushatliffe64@wikia.com,Female
222,Gabi,Timperley,gtimperley65@nyu.edu,Male
223,Carma,Broose,cbroose66@eepurl.com,Female
224,Catina,Vannuchi,cvannuchi67@odnoklassniki.ru,Female
225,Davy,Marmon,dmarmon68@bloomberg.com,Male
226,Mattie,Meadus,mmeadus69@4shared.com,Male
227,Dugald,Ubee,dubee6a@weibo.com,Male
228,Bald,Farley,bfarley6b@netvibes.com,Male
229,Darrell,Seiffert,dseiffert6c@prweb.com,Male
230,Von,Kanter,vkanter6d@va.gov,Male
231,Deana,Burnet,dburnet6e@narod.ru,Female
232,Avram,Kryzhov,akryzhov6f@myspace.com,Male
233,Gunter,Pearsall,gpearsall6g@people.com.cn,Polygender
234,Gerri,Lombardo,glombardo6h@ebay.co.uk,Female
235,Jobye,Ughetti,jughetti6i@t.co,Female
236,Cara,O'Glessane,coglessane6j@upenn.edu,Female
237,Broddy,Wellfare,bwellfare6k@microsoft.com,Male
238,Gunther,Schulkins,gschulkins6l@networksolutions.com,Male
239,Olav,Meach,omeach6m@thetimes.co.uk,Male
240,Eduard,De Haven,edehaven6n@addthis.com,Male
241,Dominique,Keaveny,dkeaveny6o@xing.com,Genderqueer
242,Celestia,Streeton,cstreeton6p@sina.com.cn,Female
243,Mable,Paish,mpaish6q@amazon.de,Female
244,Skyler,Ponceford,sponceford6r@hc360.com,Male
245,Hillier,Elloy,helloy6s@wunderground.com,Male
246,Rahal,Brandli,rbrandli6t@altervista.org,Female
247,Rustin,Kennsley,rkennsley6u@ning.com,Genderfluid
248,Derrick,Shapera,dshapera6v@themeforest.net,Male
249,Alexio,Reason,areason6w@elegantthemes.com,Polygender
250,Cathryn,Loxley,cloxley6x@youtube.com,Female
251,Sheilakathryn,Alabone,salabone6y@discovery.com,Female
252,Lissy,Drewe,ldrewe6z@pagesperso-orange.fr,Female
253,Chiquita,Ratlee,cratlee70@ca.gov,Female
254,Crissie,Coll,ccoll71@diigo.com,Female
255,Artemus,Hatzar,ahatzar72@cdbaby.com,Male
256,Betteann,Kleinzweig,bkleinzweig73@ehow.com,Female
257,Ronda,Hampshire,rhampshire74@aboutads.info,Female
258,Agustin,Darkott,adarkott75@google.cn,Male
259,Nessa,Dugget,ndugget76@epa.gov,Female
260,Keane,Bickers,kbickers77@rakuten.co.jp,Male
261,Alida,Ilyunin,ailyunin78@twitter.com,Female
262,Welch,Cheavin,wcheavin79@godaddy.com,Male
263,Delmar,Thurley,dthurley7a@china.com.cn,Male
264,Solly,Grinnov,sgrinnov7b@sourceforge.net,Male
265,Christiane,Stoad,cstoad7c@theguardian.com,Female
266,Ellis,Extil,eextil7d@princeton.edu,Male
267,Siana,Gosnoll,sgosnoll7e@51.la,Female
268,Bambi,Lawdham,blawdham7f@gmpg.org,Female
269,Boyce,Brankley,bbrankley7g@bigcartel.com,Agender
270,Simone,Maass,smaass7h@paypal.com,Female
271,Hasty,Yoodall,hyoodall7i@ebay.com,Male
272,Lucio,Bucham,lbucham7j@xing.com,Male
273,Kaye,Ost,kost7k@mac.com,Female
274,Daren,Yearne,dyearne7l@yandex.ru,Male
275,Harlene,MacGeaney,hmacgeaney7m@yahoo.com,Female
276,Emmalynne,Okeshott,eokeshott7n@dell.com,Polygender
277,Zach,Fetter,zfetter7o@dailymotion.com,Male
278,Borden,Lewinton,blewinton7p@si.edu,Male
279,Wren,Melanaphy,wmelanaphy7q@stumbleupon.com,Female
280,Steward,Beaconsall,sbeaconsall7r@epa.gov,Male
281,Florencia,O'Beirne,fobeirne7s@npr.org,Female
282,Engelbert,Whitloe,ewhitloe7t@dyndns.org,Male
283,Maurie,Fittes,mfittes7u@narod.ru,Male
284,Jefferson,Scurrer,jscurrer7v@utexas.edu,Male
285,Reece,Danielut,rdanielut7w@wix.com,Male
286,Patrizia,Boddam,pboddam7x@cnn.com,Female
287,Josephine,Nutkin,jnutkin7y@mac.com,Female
288,Duff,Najara,dnajara7z@goodreads.com,Male
289,Baxie,Fergusson,bfergusson80@newyorker.com,Male
290,Bel,Paton,bpaton81@bizjournals.com,Female
291,Nance,Riccioppo,nriccioppo82@t.co,Female
292,Ardath,Binch,abinch83@behance.net,Female
293,Neill,Slocombe,nslocombe84@technorati.com,Male
294,Ruprecht,Baysting,rbaysting85@icq.com,Male
295,Whitney,Conachie,wconachie86@economist.com,Male
296,Wrennie,Bennit,wbennit87@rediff.com,Female
297,Tomasine,Darracott,tdarracott88@google.es,Female
298,Gennie,Bunworth,gbunworth89@vimeo.com,Female
299,Kalie,Hackly,khackly8a@sina.com.cn,Agender
300,Danika,Warcup,dwarcup8b@tripod.com,Female
301,Novelia,Robson,nrobson8c@ifeng.com,Female
302,Marieann,Rickhuss,mrickhuss8d@mozilla.org,Female
303,Obadiah,Marmion,omarmion8e@list-manage.com,Male
304,Earl,Deluze,edeluze8f@discovery.com,Polygender
305,Ruprecht,Trew,rtrew8g@feedburner.com,Male
306,Tani,Spere,tspere8h@constantcontact.com,Female
307,Paule,O'Noland,ponoland8i@ed.gov,Female
308,Allys,Beevers,abeevers8j@sciencedirect.com,Female
309,Amelia,Pinhorn,apinhorn8k@imgur.com,Polygender
310,Trisha,Raubenheimers,traubenheimers8l@opera.com,Female
311,Whittaker,Gregorio,wgregorio8m@loc.gov,Male
312,Malinda,Cassel,mcassel8n@foxnews.com,Female
313,Annabella,Menico,amenico8o@privacy.gov.au,Female
314,Harlan,Ganford,hganford8p@hostgator.com,Male
315,Willow,Ganiclef,wganiclef8q@paginegialle.it,Female
316,Kaja,Craighill,kcraighill8r@w3.org,Female
317,Cale,Kirby,ckirby8s@blogs.com,Male
318,Garvey,Leif,gleif8t@cornell.edu,Male
319,Stavro,Duignan,sduignan8u@1und1.de,Male
320,Toby,Huddles,thuddles8v@globo.com,Male
321,Rikki,Hamlett,rhamlett8w@woothemes.com,Male
322,Lissy,MacCaull,lmaccaull8x@nhs.uk,Female
323,Rivalee,Dearl,rdearl8y@rediff.com,Female
324,Clyve,Hadlington,chadlington8z@cyberchimps.com,Male
325,Jorry,Mordue,jmordue90@gnu.org,Female
326,Panchito,Essberger,pessberger91@php.net,Male
327,Lock,Fromant,lfromant92@elpais.com,Male
328,Wilmer,Pavier,wpavier93@tmall.com,Male
329,Rabbi,Vreede,rvreede94@businesswire.com,Male
330,Bryn,Wickey,bwickey95@discuz.net,Male
331,Merralee,Meikle,mmeikle96@geocities.com,Female
332,Rad,Ingrem,ringrem97@nhs.uk,Male
333,Zorana,Ghidotti,zghidotti98@archive.org,Female
334,Elvina,Kermannes,ekermannes99@vistaprint.com,Polygender
335,Agace,Jouanot,ajouanot9a@yellowbook.com,Female
336,Zahara,Burkin,zburkin9b@shutterfly.com,Female
337,Nari,Iashvili,niashvili9c@opera.com,Female
338,Whitney,Lakenden,wlakenden9d@npr.org,Polygender
339,Rowland,Klimochkin,rklimochkin9e@arizona.edu,Male
340,Angele,Marcham,amarcham9f@wp.com,Bigender
341,Faydra,Dougary,fdougary9g@loc.gov,Female
342,Olva,McCrone,omccrone9h@nbcnews.com,Female
343,Denna,Gerraty,dgerraty9i@geocities.com,Genderfluid
344,Pearl,Sealand,psealand9j@thetimes.co.uk,Female
345,Loraine,Cassius,lcassius9k@unicef.org,Female
346,Hayward,O'Coskerry,hocoskerry9l@list-manage.com,Male
347,Saw,Mitchley,smitchley9m@over-blog.com,Male
348,Clair,Attfield,cattfield9n@ocn.ne.jp,Male
349,Alistair,Palmby,apalmby9o@fema.gov,Male
350,Milena,Toothill,mtoothill9p@weebly.com,Female
351,Alva,Threadgould,athreadgould9q@merriam-webster.com,Male
352,Adrian,MacPhaden,amacphaden9r@illinois.edu,Bigender
353,Orville,Grayling,ograyling9s@mtv.com,Male
354,Ferd,O'Fearguise,fofearguise9t@arizona.edu,Male
355,Melessa,Jencken,mjencken9u@gravatar.com,Female
356,Hildagarde,Filippone,hfilippone9v@bing.com,Female
357,Allin,Dickson,adickson9w@businesswire.com,Male
358,Shaina,Woodfine,swoodfine9x@booking.com,Female
359,Gaspard,Connikie,gconnikie9y@tmall.com,Male
360,Pegeen,Crang,pcrang9z@ucsd.edu,Female
361,Gill,Kesten,gkestena0@phpbb.com,Male
362,Monti,Alvares,malvaresa1@latimes.com,Male
363,Garrick,Hounihan,ghounihana2@mac.com,Male
364,Bev,Cocksedge,bcocksedgea3@icio.us,Male
365,Alard,Mawd,amawda4@nbcnews.com,Polygender
366,Winnah,Charter,wchartera5@jugem.jp,Non-binary
367,Moreen,Nuss,mnussa6@patch.com,Agender
368,Sebastien,Wintle,swintlea7@sun.com,Male
369,Amory,Probey,aprobeya8@unicef.org,Polygender
370,Julissa,Broke,jbrokea9@whitehouse.gov,Genderqueer
371,Mord,Prestney,mprestneyaa@lycos.com,Male
372,Munmro,Kless,mklessab@tinyurl.com,Male
373,Bryana,Gable,bgableac@mozilla.com,Female
374,Daryn,Sampson,dsampsonad@jimdo.com,Female
375,Gray,Semper,gsemperae@vimeo.com,Female
376,Rock,Baltzar,rbaltzaraf@de.vu,Male
377,Regan,Gartland,rgartlandag@purevolume.com,Male
378,Bailey,Renault,brenaultah@webeden.co.uk,Male
379,Codie,Nisen,cnisenai@tiny.cc,Female
380,Papagena,Drain,pdrainaj@artisteer.com,Female
381,Ade,Wiseman,awisemanak@google.co.jp,Male
382,Julianne,Ivachyov,jivachyoval@cnn.com,Female
383,Grady,Lomath,glomatham@posterous.com,Male
384,Ewan,Malden,emaldenan@narod.ru,Polygender
385,Lee,Silliman,lsillimanao@webnode.com,Male
386,Odele,O'Meara,oomearaap@example.com,Female
387,Haywood,Oldknowe,holdknoweaq@sogou.com,Male
388,Malva,Evershed,mevershedar@statcounter.com,Female
389,Batholomew,Beedle,bbeedleas@theguardian.com,Male
390,Sid,Yurevich,syurevichat@nymag.com,Male
391,Tarra,Crevy,tcrevyau@1688.com,Female
392,Lucina,Scard,lscardav@nsw.gov.au,Female
393,Norah,Juares,njuaresaw@weibo.com,Female
394,Eve,Samuel,esamuelax@twitpic.com,Female
395,Frederique,Hessel,fhesselay@vistaprint.com,Female
396,Hill,Gitthouse,hgitthouseaz@bandcamp.com,Male
397,Joete,Fillingham,jfillinghamb0@japanpost.jp,Female
398,Ruben,Bernhard,rbernhardb1@vinaora.com,Male
399,Niall,McMurty,nmcmurtyb2@blogspot.com,Male
400,Cassie,Philot,cphilotb3@pinterest.com,Male
401,Mariska,Slatcher,mslatcherb4@slideshare.net,Female
402,Pyotr,Scotchbrook,pscotchbrookb5@multiply.com,Male
403,Martino,Sadgrove,msadgroveb6@g.co,Male
404,Winny,Colebourn,wcolebournb7@ucoz.com,Male
405,Darnall,Faulkes,dfaulkesb8@gravatar.com,Male
406,Levon,Sawfoot,lsawfootb9@umn.edu,Male
407,Cornell,Choke,cchokeba@github.io,Male
408,Pearl,Tipping,ptippingbb@drupal.org,Non-binary
409,Trip,Stoppard,tstoppardbc@si.edu,Male
410,Findlay,Lengthorn,flengthornbd@networksolutions.com,Male
411,Maurine,Vivien,mvivienbe@last.fm,Female
412,Kirstyn,Kay,kkaybf@arizona.edu,Female
413,Eberhard,Sandercock,esandercockbg@tumblr.com,Male
414,Caitrin,Lehrmann,clehrmannbh@squidoo.com,Agender
415,Warde,Baldocci,wbaldoccibi@irs.gov,Male
416,Lucina,Gillogley,lgillogleybj@360.cn,Female
417,Shem,Tayler,staylerbk@statcounter.com,Male
418,Karlie,Anneslie,kannesliebl@cloudflare.com,Bigender
419,Cos,Christou,cchristoubm@hexun.com,Male
420,Sher,Fairebrother,sfairebrotherbn@yahoo.com,Female
421,Curr,Poulsum,cpoulsumbo@washingtonpost.com,Male
422,Bebe,Cutcliffe,bcutcliffebp@nationalgeographic.com,Female
423,Flossi,Callaby,fcallabybq@symantec.com,Female
424,Ganny,Tolcher,gtolcherbr@icio.us,Male
425,Lucais,Seebright,lseebrightbs@jugem.jp,Male
426,Lotti,Bendley,lbendleybt@google.com.br,Female
427,Ursula,Izakoff,uizakoffbu@blogspot.com,Female
428,Bevan,Badwick,bbadwickbv@bloomberg.com,Genderqueer
429,Constantine,Bursnell,cbursnellbw@artisteer.com,Female
430,Hedvige,Sibly,hsiblybx@gravatar.com,Genderqueer
431,Ethelin,Wakeling,ewakelingby@hc360.com,Female
432,Addia,Knappett,aknappettbz@ftc.gov,Female
433,Spenser,Kreuzer,skreuzerc0@mac.com,Male
434,Marigold,Phittiplace,mphittiplacec1@prlog.org,Female
435,Elonore,Corney,ecorneyc2@samsung.com,Female
436,Nowell,Vassie,nvassiec3@devhub.com,Male
437,Debee,Mensler,dmenslerc4@gov.uk,Female
438,Shamus,Mannakee,smannakeec5@springer.com,Male
439,Cosette,Tiddeman,ctiddemanc6@webnode.com,Female
440,Sydel,Niles,snilesc7@yellowbook.com,Female
441,Fulvia,Lebarree,flebarreec8@alibaba.com,Female
442,Sigismondo,Leask,sleaskc9@flickr.com,Male
443,Krishna,Folger,kfolgerca@studiopress.com,Male
444,Judas,Cornier,jcorniercb@tiny.cc,Genderqueer
445,Zebadiah,Stemson,zstemsoncc@google.com.au,Male
446,Ermengarde,Martynka,emartynkacd@archive.org,Female
447,Corey,Martini,cmartinice@ebay.com,Male
448,Decca,Osgorby,dosgorbycf@meetup.com,Male
449,Emlynne,Fydoe,efydoecg@printfriendly.com,Genderfluid
450,Benson,Bewley,bbewleych@multiply.com,Male
451,Neely,Edge,nedgeci@cornell.edu,Female
452,Rice,Barzen,rbarzencj@house.gov,Male
453,Jorgan,Scurrell,jscurrellck@hubpages.com,Male
454,Benoite,De Maine,bdemainecl@yellowbook.com,Female
455,Correy,Graver,cgravercm@apple.com,Female
456,Tobit,Gairdner,tgairdnercn@yahoo.co.jp,Male
457,Mindy,Hearmon,mhearmonco@scribd.com,Female
458,Cecelia,Leger,clegercp@tmall.com,Female
459,Priscella,Vivians,pvivianscq@taobao.com,Female
460,Ahmed,Scriviner,ascrivinercr@wunderground.com,Male
461,Therine,Balasin,tbalasincs@people.com.cn,Female
462,Corbin,Wipper,cwipperct@1und1.de,Male
463,Caspar,Garric,cgarriccu@free.fr,Male
464,Linn,Gauford,lgaufordcv@icio.us,Male
465,Aubry,Wedge,awedgecw@hostgator.com,Female
466,Paxton,Paget,ppagetcx@shop-pro.jp,Male
467,Harriet,Richfield,hrichfieldcy@cdbaby.com,Female
468,Easter,Pankettman,epankettmancz@dion.ne.jp,Female
469,Meredithe,Grenshiels,mgrenshielsd0@yelp.com,Female
470,Louise,Surguine,lsurguined1@networksolutions.com,Female
471,Tildie,Lukesch,tlukeschd2@ft.com,Female
472,Lillis,Katte,lkatted3@whitehouse.gov,Genderfluid
473,Ariel,Eppson,aeppsond4@google.com.hk,Male
474,Quinta,Bairstow,qbairstowd5@stumbleupon.com,Female
475,Martita,Behan,mbehand6@examiner.com,Female
476,Norton,Greenway,ngreenwayd7@google.com.br,Male
477,Benedicta,Simonnot,bsimonnotd8@baidu.com,Female
478,Joane,Antyukhin,jantyukhind9@cpanel.net,Genderfluid
479,Bearnard,Simnett,bsimnettda@trellian.com,Male
480,Matthias,Beadell,mbeadelldb@e-recht24.de,Male
481,Hatty,Bagby,hbagbydc@ted.com,Female
482,Kristan,Harrower,kharrowerdd@facebook.com,Female
483,Greta,Folling,gfollingde@bloglines.com,Female
484,Britta,Brayne,bbraynedf@geocities.jp,Female
485,Alene,McKevany,amckevanydg@chicagotribune.com,Female
486,Sigrid,Abrahart,sabrahartdh@canalblog.com,Female
487,Tristan,Bickell,tbickelldi@stanford.edu,Male
488,Ellie,Delacroix,edelacroixdj@naver.com,Female
489,Daveta,Gallaher,dgallaherdk@sfgate.com,Female
490,Hercule,Cadman,hcadmandl@xinhuanet.com,Male
491,Bogart,Shooter,bshooterdm@yolasite.com,Male
492,Sanderson,Shackleton,sshackletondn@cbsnews.com,Male
493,Betta,Callum,bcallumdo@ovh.net,Bigender
494,Merralee,Glencrash,mglencrashdp@admin.ch,Female
495,Keary,Gurg,kgurgdq@pcworld.com,Male
496,Diann,Mixworthy,dmixworthydr@cmu.edu,Female
497,Avrit,Rozenbaum,arozenbaumds@cloudflare.com,Female
498,Margette,Allebone,mallebonedt@go.com,Female
499,Meg,Trenholme,mtrenholmedu@acquirethisname.com,Female
500,Benedikta,Dreger,bdregerdv@imageshack.us,Female
501,Drud,Roskeilly,droskeillydw@livejournal.com,Bigender
502,Beverlee,Hospital,bhospitaldx@unicef.org,Female
503,Britta,Greenman,bgreenmandy@bluehost.com,Female
504,Heywood,Gallimore,hgallimoredz@bandcamp.com,Male
505,Bernardine,Gosalvez,bgosalveze0@lycos.com,Female
506,Gabbie,Mieville,gmievillee1@bing.com,Male
507,Vidovik,Thorold,vthorolde2@free.fr,Male
508,Lila,Franklin,lfrankline3@wikispaces.com,Female
509,Gregorius,Kindell,gkindelle4@soup.io,Male
510,Dudley,Gauler,dgaulere5@surveymonkey.com,Male
511,Sophronia,Keems,skeemse6@patch.com,Female
512,Jayme,Capstake,jcapstakee7@uol.com.br,Male
513,Jinny,Tenniswood,jtenniswoode8@a8.net,Non-binary
514,Gussy,Benedikt,gbenedikte9@shareasale.com,Female
515,Nan,Pehrsson,npehrssonea@epa.gov,Female
516,Turner,Busfield,tbusfieldeb@fema.gov,Polygender
517,Miriam,Belton,mbeltonec@yahoo.co.jp,Female
518,Norton,Pantin,npantined@mozilla.com,Male
519,Gar,Francescuzzi,gfrancescuzziee@disqus.com,Male
520,Bil,Pyrton,bpyrtonef@squidoo.com,Male
521,Cathi,Quiddinton,cquiddintoneg@liveinternet.ru,Female
522,Wendall,Pogosian,wpogosianeh@mail.ru,Male
523,Venus,Vinnicombe,vvinnicombeei@earthlink.net,Female
524,Konstantin,Di Nisco,kdiniscoej@mit.edu,Male
525,Vassili,Bolletti,vbollettiek@dailymotion.com,Male
526,Tarrance,Cossington,tcossingtonel@shop-pro.jp,Male
527,Corine,Durward,cdurwardem@berkeley.edu,Female
528,Marilin,Waskett,mwasketten@digg.com,Female
529,Gauthier,Terran,gterraneo@live.com,Male
530,Silvanus,Geertsen,sgeertsenep@xrea.com,Male
531,Annemarie,Antognoni,aantognonieq@sogou.com,Female
532,Lucias,Jakubovics,ljakubovicser@php.net,Male
533,Beltran,Burrow,bburrowes@theatlantic.com,Male
534,Coop,Haldon,chaldonet@parallels.com,Male
535,Ailbert,Ciccottio,aciccottioeu@acquirethisname.com,Male
536,Antonia,Fante,afanteev@statcounter.com,Female
537,Tyne,Loveard,tloveardew@feedburner.com,Female
538,Sile,Pordal,spordalex@blog.com,Female
539,Brucie,Ridsdale,bridsdaleey@sfgate.com,Male
540,Titos,Crawshaw,tcrawshawez@flavors.me,Male
541,Arlyn,Gillbard,agillbardf0@youtube.com,Female
542,Violante,Scrowston,vscrowstonf1@slideshare.net,Female
543,Nickola,Whitticks,nwhitticksf2@omniture.com,Male
544,Iormina,Torbeck,itorbeckf3@google.ru,Non-binary
545,Gratiana,Spawell,gspawellf4@noaa.gov,Female
546,Beck,Fowden,bfowdenf5@vinaora.com,Male
547,Consuela,Newey,cneweyf6@about.me,Female
548,Colver,Jaulme,cjaulmef7@blinklist.com,Male
549,Randa,Sollett,rsollettf8@plala.or.jp,Female
550,Base,Alyonov,balyonovf9@pen.io,Male
551,Pietra,Bruyett,pbruyettfa@t.co,Female
552,Roscoe,Burford,rburfordfb@time.com,Male
553,Christy,Seczyk,cseczykfc@amazon.com,Bigender
554,Adolph,Sorensen,asorensenfd@icio.us,Male
555,Max,Dimbleby,mdimblebyfe@wufoo.com,Male
556,Nicolea,Chrisp,nchrispff@amazonaws.com,Female
557,Drusilla,Giannasi,dgiannasifg@dyndns.org,Female
558,Daniele,Obal,dobalfh@homestead.com,Female
559,Katalin,Jersch,kjerschfi@nydailynews.com,Female
560,Tracy,Woolaston,twoolastonfj@indiegogo.com,Male
561,Doro,Lampel,dlampelfk@elpais.com,Female
562,Marisa,Gyppes,mgyppesfl@fema.gov,Female
563,Alfi,Haggett,ahaggettfm@ox.ac.uk,Female
564,Graham,Scawen,gscawenfn@amazon.com,Male
565,Stephanus,Calvie,scalviefo@mysql.com,Male
566,Jemmy,Benning,jbenningfp@storify.com,Female
567,Alyse,Offer,aofferfq@elpais.com,Female
568,Melisa,Swett,mswettfr@dell.com,Female
569,Friedrick,Courtin,fcourtinfs@howstuffworks.com,Male
570,Therine,Climo,tclimoft@unesco.org,Female
571,Byrann,Brassington,bbrassingtonfu@people.com.cn,Male
572,Herby,Hasluck,hhasluckfv@dot.gov,Male
573,Jourdain,Tidey,jtideyfw@multiply.com,Male
574,Kiah,Phelp,kphelpfx@epa.gov,Female
575,Terrill,Watsham,twatshamfy@sourceforge.net,Male
576,Cynde,Keeton,ckeetonfz@virginia.edu,Female
577,Jessee,Clemenceau,jclemenceaug0@google.it,Male
578,Clementius,Robley,crobleyg1@360.cn,Male
579,Pascal,De Domenico,pdedomenicog2@unc.edu,Male
580,Crista,Bruckman,cbruckmang3@tinypic.com,Female
581,Alon,Priddie,apriddieg4@de.vu,Male
582,Quinn,Seymour,qseymourg5@dagondesign.com,Female
583,Ruben,Ruddin,rrudding6@mayoclinic.com,Male
584,Corbin,Cisec,ccisecg7@prweb.com,Male
585,Maribeth,Ginglell,mginglellg8@slate.com,Female
586,Casar,Sallowaye,csallowayeg9@quantcast.com,Male
587,Dru,Cocklin,dcocklinga@mit.edu,Male
588,Izak,Culshaw,iculshawgb@4shared.com,Male
589,Maitilde,Baldi,mbaldigc@businesswire.com,Female
590,Marcel,Mannagh,mmannaghgd@surveymonkey.com,Male
591,Derrik,Simoens,dsimoensge@mysql.com,Male
592,Lotte,Wile,lwilegf@freewebs.com,Female
593,Joscelin,Kniveton,jknivetongg@edublogs.org,Female
594,Ase,Dowsett,adowsettgh@ted.com,Male
595,Marianna,Panks,mpanksgi@reddit.com,Female
596,Davy,Hollyar,dhollyargj@merriam-webster.com,Male
597,Claudian,Ghelardi,cghelardigk@state.gov,Male
598,Klarrisa,Clampin,kclampingl@pbs.org,Female
599,Melisandra,Helm,mhelmgm@mapquest.com,Female
600,Lexis,Shelborne,lshelbornegn@amazon.co.jp,Female
601,Stefania,Dyne,sdynego@youtube.com,Female
602,Noe,Slaght,nslaghtgp@paginegialle.it,Male
603,Hewett,De Goey,hdegoeygq@dell.com,Male
604,Betteanne,Heasly,bheaslygr@unicef.org,Agender
605,Kyrstin,Dosdill,kdosdillgs@wikipedia.org,Female
606,Elton,Wheelhouse,ewheelhousegt@plala.or.jp,Non-binary
607,Minny,Bresland,mbreslandgu@statcounter.com,Polygender
608,Myrtia,Martugin,mmartugingv@ebay.com,Female
609,Bellina,Poyntz,bpoyntzgw@ehow.com,Female
610,Lane,Jellico,ljellicogx@businessweek.com,Male
611,Mohandas,Deetlof,mdeetlofgy@dot.gov,Male
612,Ab,Pennetta,apennettagz@rakuten.co.jp,Male
613,Zechariah,Trump,ztrumph0@fastcompany.com,Genderfluid
614,Justino,Canedo,jcanedoh1@multiply.com,Male
615,Elnar,Bootyman,ebootymanh2@marketwatch.com,Male
616,Mayne,Dofty,mdoftyh3@nytimes.com,Male
617,Elspeth,Whyte,ewhyteh4@java.com,Genderqueer
618,Lutero,Le Breton De La Vieuville,llebretondelavieuvilleh5@economist.com,Male
619,Rod,Monson,rmonsonh6@sciencedaily.com,Male
620,Marci,Poynor,mpoynorh7@huffingtonpost.com,Female
621,Gayler,Jossum,gjossumh8@cisco.com,Male
622,Florance,Metham,fmethamh9@is.gd,Female
623,Casper,Beininck,cbeininckha@toplist.cz,Male
624,Gannie,Jouhandeau,gjouhandeauhb@un.org,Male
625,Lindie,Alekhov,lalekhovhc@fema.gov,Female
626,Gil,Casburn,gcasburnhd@lulu.com,Male
627,Ketti,Acreman,kacremanhe@nps.gov,Female
628,Estrella,Iacofo,eiacofohf@addtoany.com,Female
629,Horst,Aherne,hahernehg@discuz.net,Bigender
630,Neale,Hacon,nhaconhh@google.com.hk,Male
631,Hobard,O'Hagan,hohaganhi@opera.com,Male
632,Gardie,Widdall,gwiddallhj@privacy.gov.au,Male
633,Johny,Goldwater,jgoldwaterhk@narod.ru,Male
634,Garner,Waycott,gwaycotthl@bizjournals.com,Male
635,Roddie,Aylesbury,raylesburyhm@purevolume.com,Male
636,Saba,Burgoin,sburgoinhn@sohu.com,Female
637,Thorstein,Blaney,tblaneyho@slideshare.net,Male
638,Mina,Betchley,mbetchleyhp@epa.gov,Female
639,Crystie,Conneely,cconneelyhq@miibeian.gov.cn,Female
640,Ellswerth,Adelsberg,eadelsberghr@unesco.org,Male
641,Mattias,Hanigan,mhaniganhs@dyndns.org,Male
642,Giana,MacLardie,gmaclardieht@feedburner.com,Bigender
643,Gawen,O Sullivan,gosullivanhu@howstuffworks.com,Male
644,Madella,Jaqueminet,mjaqueminethv@tamu.edu,Female
645,Brooke,Gidman,bgidmanhw@zimbio.com,Female
646,Beau,Burgoine,bburgoinehx@noaa.gov,Male
647,Lynnelle,Hounsham,lhounshamhy@google.com.au,Female
648,Raoul,Josskovitz,rjosskovitzhz@hud.gov,Male
649,Conn,Ormerod,cormerodi0@disqus.com,Male
650,Gan,Scamal,gscamali1@cisco.com,Male
651,Gretal,Tellenbroker,gtellenbrokeri2@independent.co.uk,Female
652,Ariel,Antley,aantleyi3@weebly.com,Male
653,Vassili,Garoghan,vgaroghani4@barnesandnoble.com,Male
654,Nessi,Hamlyn,nhamlyni5@g.co,Female
655,Madelaine,Harome,mharomei6@bizjournals.com,Female
656,Robena,De Hooge,rdehoogei7@cbslocal.com,Female
657,Claybourne,McKinnell,cmckinnelli8@yolasite.com,Male
658,Caddric,Dobney,cdobneyi9@comsenz.com,Male
659,Tove,Gadd,tgaddia@salon.com,Female
660,Ilsa,Patillo,ipatilloib@yolasite.com,Female
661,Pauline,Di Biaggi,pdibiaggiic@springer.com,Genderqueer
662,Jamie,Puffett,jpuffettid@yahoo.com,Male
663,Garfield,Mac Giany,gmacgianyie@newyorker.com,Male
664,Crysta,Ewins,cewinsif@joomla.org,Female
665,Manfred,Burras,mburrasig@posterous.com,Male
666,Melanie,Blint,mblintih@360.cn,Female
667,Tanitansy,Stoggles,tstogglesii@sfgate.com,Female
668,Dickie,Walthall,dwalthallij@indiegogo.com,Male
669,Seline,Ellph,sellphik@about.me,Female
670,Teodorico,Arndell,tarndellil@bandcamp.com,Male
671,Wake,Mellonby,wmellonbyim@networkadvertising.org,Male
672,Cecil,Jenkerson,cjenkersonin@cafepress.com,Female
673,Dorette,Galier,dgalierio@ehow.com,Female
674,Dolli,Zecchini,dzecchiniip@java.com,Female
675,Kain,Caplis,kcaplisiq@liveinternet.ru,Male
676,Barret,Beel,bbeelir@live.com,Male
677,Nikolaus,Cail,ncailis@baidu.com,Male
678,Terrel,Farquarson,tfarquarsonit@google.fr,Male
679,Cooper,Lewsey,clewseyiu@answers.com,Male
680,Augusto,Woodman,awoodmaniv@paypal.com,Male
681,Gaultiero,Treleaven,gtreleaveniw@bigcartel.com,Male
682,Patty,Bussy,pbussyix@cpanel.net,Female
683,Davide,Crichley,dcrichleyiy@bloomberg.com,Male
684,Sanson,Haversham,shavershamiz@noaa.gov,Male
685,Hanson,Bendon,hbendonj0@blogtalkradio.com,Male
686,Kaycee,Rubinfeld,krubinfeldj1@fastcompany.com,Female
687,Goddart,Gayton,ggaytonj2@msu.edu,Male
688,Derwin,Urian,durianj3@about.com,Male
689,Preston,Seath,pseathj4@mit.edu,Male
690,Ingemar,McCaig,imccaigj5@prnewswire.com,Male
691,Sasha,Howick,showickj6@1688.com,Female
692,Avery,Reardon,areardonj7@intel.com,Male
693,Nicoli,Pannett,npannettj8@merriam-webster.com,Female
694,Bev,Abela,babelaj9@bloglines.com,Male
695,Aarika,Vardie,avardieja@jalbum.net,Genderqueer
696,Coreen,Cosgrive,ccosgrivejb@nature.com,Female
697,Caitrin,Edbrooke,cedbrookejc@ameblo.jp,Female
698,Chickie,Abrashkov,cabrashkovjd@deviantart.com,Male
699,Mahmud,Roberds,mroberdsje@arizona.edu,Male
700,Anette,Witton,awittonjf@usgs.gov,Female
701,Randie,Pearcehouse,rpearcehousejg@google.es,Male
702,Diego,Valero,dvalerojh@constantcontact.com,Male
703,Byrom,Wewell,bwewellji@biblegateway.com,Male
704,Cozmo,De Bruyne,cdebruynejj@ning.com,Male
705,Marquita,Tenby,mtenbyjk@examiner.com,Female
706,Kara-lynn,Wyldes,kwyldesjl@google.fr,Female
707,Emanuel,Terran,eterranjm@pinterest.com,Genderqueer
708,Leonanie,Heinsen,lheinsenjn@last.fm,Female
709,Federica,Jacobsz,fjacobszjo@twitter.com,Female
710,Chrisy,Ivan,civanjp@usa.gov,Male
711,Brandise,Leathart,bleathartjq@csmonitor.com,Bigender
712,Rutger,Caughte,rcaughtejr@smugmug.com,Male
713,Muffin,Serle,mserlejs@dyndns.org,Male
714,Gordan,Doyle,gdoylejt@google.co.uk,Male
715,Robena,O'Donovan,rodonovanju@umn.edu,Female
716,Mildrid,Campes,mcampesjv@facebook.com,Female
717,Rickard,Prescot,rprescotjw@issuu.com,Male
718,Jarvis,Wimbridge,jwimbridgejx@xrea.com,Male
719,Wilow,Tonbye,wtonbyejy@youtu.be,Female
720,Anthiathia,Heinemann,aheinemannjz@ehow.com,Female
721,Dominique,Barday,dbardayk0@cloudflare.com,Female
722,Biron,Poundford,bpoundfordk1@ning.com,Male
723,Stephenie,Merrisson,smerrissonk2@mit.edu,Female
724,Land,Starrs,lstarrsk3@ow.ly,Male
725,Marshal,Casina,mcasinak4@chron.com,Male
726,Mayor,Thomlinson,mthomlinsonk5@ucoz.com,Male
727,Evangeline,Ferrant,eferrantk6@scribd.com,Female
728,Vivia,Spinley,vspinleyk7@wordpress.com,Female
729,Corbin,Carriage,ccarriagek8@guardian.co.uk,Male
730,Roldan,Jon,rjonk9@ucsd.edu,Male
731,Ariel,Molder,amolderka@istockphoto.com,Male
732,Sallee,Fantone,sfantonekb@timesonline.co.uk,Female
733,Matthieu,Reboulet,mrebouletkc@ibm.com,Male
734,Linn,Penylton,lpenyltonkd@marriott.com,Female
735,Andy,Gadesby,agadesbyke@goo.ne.jp,Male
736,Gerard,Eagland,geaglandkf@smh.com.au,Male
737,Heriberto,Ralph,hralphkg@cdbaby.com,Male
738,Else,Vanshin,evanshinkh@wunderground.com,Female
739,Shea,Bovey,sboveyki@quantcast.com,Female
740,Ofella,Swynfen,oswynfenkj@yellowbook.com,Female
741,Star,Trevett,strevettkk@army.mil,Female
742,Anselma,Persian,apersiankl@ed.gov,Female
743,Batholomew,Bromilow,bbromilowkm@businessinsider.com,Male
744,Carol,Grain,cgrainkn@reverbnation.com,Female
745,Miran,McCullen,mmccullenko@examiner.com,Female
746,Barth,Claffey,bclaffeykp@nature.com,Male
747,Hali,Oger,hogerkq@bizjournals.com,Female
748,Vernon,Harrow,vharrowkr@bbc.co.uk,Male
749,Iorgos,Grundell,igrundellks@fotki.com,Male
750,Gavra,Andino,gandinokt@opera.com,Female
751,Rikki,Cockren,rcockrenku@hugedomains.com,Male
752,Ingunna,Odam,iodamkv@cam.ac.uk,Female
753,Feliks,Verrell,fverrellkw@parallels.com,Male
754,Emelda,Geater,egeaterkx@samsung.com,Female
755,Brendin,McKue,bmckueky@list-manage.com,Male
756,Marga,Pleven,mplevenkz@wikipedia.org,Female
757,Aksel,Titcombe,atitcombel0@indiegogo.com,Male
758,Vinny,Langstone,vlangstonel1@time.com,Male
759,Eric,Monteith,emonteithl2@taobao.com,Male
760,Barclay,Coniff,bconiffl3@theglobeandmail.com,Male
761,Abramo,Sammon,asammonl4@csmonitor.com,Male
762,Reggy,Messier,rmessierl5@reddit.com,Male
763,Erwin,MacGibbon,emacgibbonl6@ihg.com,Male
764,Dario,Bugdall,dbugdalll7@virginia.edu,Male
765,Margareta,Ellesworthe,mellesworthel8@chicagotribune.com,Female
766,Eleen,Fitzharris,efitzharrisl9@mtv.com,Female
767,Parke,Wyche,pwychela@xinhuanet.com,Male
768,Livvy,Byass,lbyasslb@stumbleupon.com,Female
769,Brigham,Tunuy,btunuylc@skyrock.com,Bigender
770,Bradford,Samsonsen,bsamsonsenld@nhs.uk,Male
771,Adella,Soro,asorole@google.com,Female
772,Aryn,Wernher,awernherlf@jiathis.com,Female
773,Crista,Weiss,cweisslg@delicious.com,Female
774,Giraldo,Cinnamond,gcinnamondlh@cafepress.com,Male
775,Fredia,Braithwaite,fbraithwaiteli@flickr.com,Female
776,Kyle,Wogden,kwogdenlj@china.com.cn,Female
777,Bradley,Dalliwatr,bdalliwatrlk@delicious.com,Male
778,Gabrila,Shelliday,gshellidayll@ovh.net,Female
779,Wynne,Calley,wcalleylm@storify.com,Female
780,Julian,Jannasch,jjannaschln@posterous.com,Male
781,Jayne,Cato,jcatolo@diigo.com,Female
782,Avictor,Trematick,atrematicklp@twitpic.com,Male
783,Tiler,Kobierzycki,tkobierzyckilq@cnet.com,Male
784,Petronille,Rotham,prothamlr@rambler.ru,Female
785,Xever,Whayman,xwhaymanls@tinyurl.com,Male
786,Lou,Dodswell,ldodswelllt@adobe.com,Male
787,Ruthi,Leask,rleasklu@psu.edu,Female
788,Zachery,Gaiter,zgaiterlv@google.de,Non-binary
789,Salli,Coxon,scoxonlw@ocn.ne.jp,Female
790,Waldemar,Belamy,wbelamylx@omniture.com,Male
791,Lloyd,Colbron,lcolbronly@pinterest.com,Male
792,Ronalda,Paternoster,rpaternosterlz@gnu.org,Female
793,Matthias,Ballard,mballardm0@hc360.com,Male
794,Appolonia,Wynes,awynesm1@gov.uk,Female
795,Faun,Sheed,fsheedm2@nps.gov,Female
796,Greggory,Conor,gconorm3@istockphoto.com,Male
797,Veronika,Garatty,vgarattym4@ycombinator.com,Polygender
798,Ainslee,Brechin,abrechinm5@netscape.com,Female
799,Suellen,Bolletti,sbollettim6@dropbox.com,Female
800,Wallace,Sellers,wsellersm7@sohu.com,Male
801,Blair,Moppett,bmoppettm8@go.com,Male
802,Hilary,Olyfat,holyfatm9@tripadvisor.com,Male
803,Immanuel,Hardingham,ihardinghamma@newyorker.com,Genderqueer
804,Brittaney,Sykes,bsykesmb@slashdot.org,Female
805,Chrysler,Quarmby,cquarmbymc@livejournal.com,Female
806,Sylvan,Treves,strevesmd@parallels.com,Male
807,Bianka,Shafier,bshafierme@miitbeian.gov.cn,Genderqueer
808,Ham,Roote,hrootemf@dell.com,Genderfluid
809,Wash,Machan,wmachanmg@ed.gov,Male
810,Elaina,Wigg,ewiggmh@github.io,Female
811,Sabrina,Cisec,scisecmi@businessweek.com,Female
812,Maddie,O'Geaney,mogeaneymj@marriott.com,Male
813,Jessa,Cuerda,jcuerdamk@deviantart.com,Female
814,Tallou,Carlyon,tcarlyonml@yellowbook.com,Female
815,Peggi,Yashaev,pyashaevmm@blogspot.com,Female
816,Rochette,Tingly,rtinglymn@joomla.org,Female
817,Quintina,Dibbert,qdibbertmo@examiner.com,Female
818,Essy,Iiannone,eiiannonemp@chron.com,Female
819,Cassy,Prichard,cprichardmq@hostgator.com,Female
820,Karrah,Pykerman,kpykermanmr@state.gov,Agender
821,Lion,Stinson,lstinsonms@spotify.com,Male
822,Aeriel,Hyder,ahydermt@ovh.net,Female
823,Jakie,Beavis,jbeavismu@constantcontact.com,Male
824,Ingrid,Challiss,ichallissmv@list-manage.com,Female
825,Carmen,Sydes,csydesmw@theguardian.com,Female
826,Gabie,Lilly,glillymx@chron.com,Female
827,Filmore,Vasilov,fvasilovmy@businessweek.com,Male
828,Beauregard,Rapps,brappsmz@intel.com,Male
829,Reinaldo,Hemshall,rhemshalln0@usatoday.com,Male
830,Selig,Kann,skannn1@ebay.com,Male
831,Gwenore,Pengilly,gpengillyn2@ox.ac.uk,Female
832,Tuck,Attwater,tattwatern3@edublogs.org,Male
833,Dannye,Dun,ddunn4@wordpress.com,Female
834,Dalt,Batiste,dbatisten5@ning.com,Male
835,Brear,Chat,bchatn6@usnews.com,Female
836,Corey,Halladay,challadayn7@diigo.com,Agender
837,Marget,Taffarello,mtaffarellon8@mit.edu,Female
838,Maggie,Aggio,maggion9@loc.gov,Non-binary
839,Jocko,Di Bartolommeo,jdibartolommeona@yolasite.com,Male
840,Phil,Drinkwater,pdrinkwaternb@tinypic.com,Female
841,Janis,Paulig,jpaulignc@discuz.net,Female
842,Forest,Rosenkrantz,frosenkrantznd@dedecms.com,Male
843,Nita,Levene,nlevenene@addtoany.com,Female
844,Weylin,Cisec,wcisecnf@delicious.com,Male
845,Ody,Fumagall,ofumagallng@ovh.net,Male
846,Riobard,Bratty,rbrattynh@nba.com,Genderqueer
847,Nathalie,Allom,nallomni@aol.com,Female
848,Rozalie,Antalffy,rantalffynj@themeforest.net,Female
849,Karol,Pugh,kpughnk@pbs.org,Female
850,Holli,Skaife d'Ingerthorpe,hskaifedingerthorpenl@foxnews.com,Female
851,Tilda,MacKenny,tmackennynm@oakley.com,Female
852,Ambrose,Ockwell,aockwellnn@dropbox.com,Male
853,Maje,Mulgrew,mmulgrewno@desdev.cn,Male
854,Howard,Andryszczak,handryszczaknp@examiner.com,Bigender
855,Vincenz,De la Harpe,vdelaharpenq@forbes.com,Male
856,Bald,Pennetta,bpennettanr@foxnews.com,Male
857,Ramon,Hamstead,rhamsteadns@nasa.gov,Male
858,Pepita,Tearney,ptearneynt@redcross.org,Polygender
859,Teodoor,Dimitriou,tdimitriounu@columbia.edu,Male
860,Gordon,Idale,gidalenv@google.com.au,Male
861,Yehudit,Radolf,yradolfnw@privacy.gov.au,Male
862,Kirby,Craigs,kcraigsnx@amazon.co.jp,Agender
863,Lorna,Brogiotti,lbrogiottiny@dyndns.org,Female
864,Oneida,Rains,orainsnz@multiply.com,Female
865,Clemens,Vankov,cvankovo0@si.edu,Male
866,Celestia,Bedward,cbedwardo1@blogspot.com,Female
867,Brose,Myton,bmytono2@wiley.com,Male
868,Charmian,Varfalameev,cvarfalameevo3@addtoany.com,Female
869,Kathye,Leif,kleifo4@nydailynews.com,Female
870,Cariotta,McGirr,cmcgirro5@google.ca,Female
871,Noni,Haseman,nhasemano6@gov.uk,Female
872,Vite,How to preserve,vhowtopreserveo7@tuttocitta.it,Male
873,Baryram,Cardenosa,bcardenosao8@ustream.tv,Male
874,Sanford,Tunder,stundero9@wisc.edu,Male
875,Donal,Addenbrooke,daddenbrookeoa@msn.com,Male
876,Ethelred,Coston,ecostonob@bizjournals.com,Male
877,Yule,Matteoli,ymatteolioc@tamu.edu,Male
878,Bekki,Danneil,bdanneilod@flavors.me,Genderfluid
879,Karoly,Sparwell,ksparwelloe@upenn.edu,Male
880,Morna,Spencley,mspencleyof@japanpost.jp,Female
881,Vyky,Snashall,vsnashallog@google.cn,Female
882,Cassi,Pennicard,cpennicardoh@t.co,Female
883,Marcello,Harsnep,mharsnepoi@ning.com,Male
884,Murray,Hanse,mhanseoj@washington.edu,Male
885,Odessa,Budd,obuddok@washington.edu,Genderfluid
886,Ina,Edworthye,iedworthyeol@last.fm,Female
887,Corella,Toplis,ctoplisom@intel.com,Female
888,Sidoney,Springtorp,sspringtorpon@blogtalkradio.com,Bigender
889,Ede,Lawrenz,elawrenzoo@behance.net,Female
890,Dolorita,Petracek,dpetracekop@scribd.com,Female
891,Twyla,Matchell,tmatchelloq@ameblo.jp,Female
892,Adella,Brookhouse,abrookhouseor@unc.edu,Female
893,Kim,Laing,klaingos@umich.edu,Female
894,Sholom,Rilings,srilingsot@google.com.au,Male
895,Jesse,Britzius,jbritziusou@dot.gov,Female
896,Carlita,Friedlos,cfriedlosov@microsoft.com,Female
897,Olive,Hourigan,ohouriganow@meetup.com,Female
898,Lucias,Henzer,lhenzerox@shop-pro.jp,Male
899,Scott,Brammall,sbrammalloy@tamu.edu,Male
900,Lelah,Gianettini,lgianettinioz@ucsd.edu,Female
901,Bronny,Hammarberg,bhammarbergp0@huffingtonpost.com,Male
902,Wallache,Sails,wsailsp1@deviantart.com,Male
903,Zitella,Iacobucci,ziacobuccip2@upenn.edu,Female
904,Maison,Stoeckle,mstoecklep3@uiuc.edu,Male
905,Clemmie,Yakushkin,cyakushkinp4@berkeley.edu,Female
906,Julietta,Kerin,jkerinp5@linkedin.com,Female
907,Pauly,Cattow,pcattowp6@weebly.com,Female
908,Brennen,Dumbrill,bdumbrillp7@flickr.com,Male
909,Cullan,Donnel,cdonnelp8@issuu.com,Male
910,Carl,Stares,cstaresp9@sun.com,Male
911,Aldin,Cleverley,acleverleypa@networkadvertising.org,Male
912,Thorvald,Bottom,tbottompb@trellian.com,Male
913,Ailis,Tunmore,atunmorepc@irs.gov,Female
914,Winifred,Tabrett,wtabrettpd@mayoclinic.com,Female
915,Tucker,Moutray Read,tmoutrayreadpe@usgs.gov,Male
916,Layne,Konzel,lkonzelpf@flickr.com,Female
917,Marven,Ivons,mivonspg@zimbio.com,Male
918,Gaspar,Willars,gwillarsph@toplist.cz,Male
919,Hans,Rivallant,hrivallantpi@histats.com,Male
920,Bram,Dash,bdashpj@patch.com,Male
921,Winifield,Larn,wlarnpk@washingtonpost.com,Male
922,Stormi,Ellen,sellenpl@shutterfly.com,Female
923,Gertrud,McElroy,gmcelroypm@cornell.edu,Female
924,Clay,Izakoff,cizakoffpn@chronoengine.com,Polygender
925,Luis,MacCarrick,lmaccarrickpo@vkontakte.ru,Male
926,Gianna,Mettricke,gmettrickepp@cbslocal.com,Female
927,Annmarie,Josephsen,ajosephsenpq@behance.net,Female
928,Keane,Hostan,khostanpr@nps.gov,Male
929,Scot,Hatterslay,shatterslayps@elpais.com,Male
930,Dagny,Dinnies,ddinniespt@wikia.com,Male
931,Emory,Lacase,elacasepu@4shared.com,Male
932,Cosimo,Crowcher,ccrowcherpv@weibo.com,Male
933,Joli,Hinksen,jhinksenpw@blinklist.com,Female
934,Elnar,Houtbie,ehoutbiepx@photobucket.com,Male
935,Prisca,Sizland,psizlandpy@amazon.com,Female
936,Teddy,Ffrench,tffrenchpz@networksolutions.com,Male
937,Clair,Melendez,cmelendezq0@wisc.edu,Male
938,Cynthia,Pymar,cpymarq1@illinois.edu,Female
939,Romy,Narramor,rnarramorq2@sourceforge.net,Female
940,Camile,Camp,ccampq3@forbes.com,Female
941,Killie,McMaster,kmcmasterq4@istockphoto.com,Male
942,Gualterio,Prescott,gprescottq5@illinois.edu,Male
943,Oralla,Longrigg,olongriggq6@soup.io,Female
944,Billye,Twinning,btwinningq7@youtube.com,Female
945,Gherardo,Lars,glarsq8@edublogs.org,Male
946,Elita,Lancashire,elancashireq9@ucla.edu,Female
947,Bonita,Korb,bkorbqa@e-recht24.de,Female
948,Cecelia,Ellacott,cellacottqb@boston.com,Female
949,Arron,Goutcher,agoutcherqc@state.tx.us,Male
950,Eli,Murkitt,emurkittqd@prlog.org,Male
951,Glynnis,Slaight,gslaightqe@arstechnica.com,Genderqueer
952,Marlie,M'Barron,mmbarronqf@kickstarter.com,Female
953,Barbe,Smurfitt,bsmurfittqg@ezinearticles.com,Female
954,Bjorn,Skough,bskoughqh@wired.com,Male
955,Kort,Baitson,kbaitsonqi@paginegialle.it,Male
956,Evita,Label,elabelqj@people.com.cn,Female
957,Dino,Crombleholme,dcrombleholmeqk@mit.edu,Male
958,Kinnie,Croci,kcrociql@dropbox.com,Male
959,Hastings,Camble,hcambleqm@google.ca,Male
960,Sidnee,Dalmon,sdalmonqn@chicagotribune.com,Male
961,Ranice,Dossettor,rdossettorqo@dedecms.com,Female
962,Stefania,Churchill,schurchillqp@goodreads.com,Female
963,Ebba,Searl,esearlqq@nasa.gov,Female
964,Karl,Davidovits,kdavidovitsqr@mysql.com,Male
965,Onida,Allabush,oallabushqs@facebook.com,Female
966,Bram,Risebrow,brisebrowqt@hostgator.com,Male
967,Mirabel,Goomes,mgoomesqu@edublogs.org,Female
968,Nada,Henbury,nhenburyqv@privacy.gov.au,Female
969,Stanfield,Kubalek,skubalekqw@jimdo.com,Genderfluid
970,Margarette,Gosden,mgosdenqx@youtu.be,Female
971,Perceval,Anan,pananqy@reuters.com,Male
972,Matelda,Trimme,mtrimmeqz@bizjournals.com,Female
973,Manon,Feighry,mfeighryr0@nba.com,Female
974,Byron,McLennan,bmclennanr1@amazon.com,Male
975,Shari,Petranek,spetranekr2@indiegogo.com,Female
976,Colman,Blackstone,cblackstoner3@rakuten.co.jp,Polygender
977,Muffin,Pladen,mpladenr4@pcworld.com,Female
978,Germain,Leinster,gleinsterr5@altervista.org,Female
979,Erik,Ffoulkes,effoulkesr6@wired.com,Non-binary
980,Danell,Tringham,dtringhamr7@walmart.com,Female
981,Ray,Pally,rpallyr8@ft.com,Female
982,Dex,Osmant,dosmantr9@nymag.com,Male
983,Roland,Ferrierio,rferrieriora@nbcnews.com,Male
984,Riannon,Bagnal,rbagnalrb@narod.ru,Female
985,Marena,Touson,mtousonrc@360.cn,Female
986,Katlin,Schuh,kschuhrd@auda.org.au,Female
987,Bobbi,Angier,bangierre@cyberchimps.com,Female
988,Sauncho,Spellesy,sspellesyrf@tmall.com,Male
989,Jewelle,Falconbridge,jfalconbridgerg@imageshack.us,Female
990,Tadeo,Lebbern,tlebbernrh@vkontakte.ru,Male
991,Crissy,Bedell,cbedellri@nationalgeographic.com,Female
992,Valerye,Corran,vcorranrj@sbwire.com,Genderfluid
993,Sheff,Samsworth,ssamsworthrk@istockphoto.com,Male
994,Mufinella,Betchley,mbetchleyrl@opera.com,Female
995,Harman,Yakuntsov,hyakuntsovrm@ftc.gov,Male
996,Wain,Grisdale,wgrisdalern@indiegogo.com,Male
997,Dorise,Deverson,ddeversonro@home.pl,Female
998,Clyve,Frangello,cfrangellorp@gravatar.com,Male
999,Lonee,Lamplugh,llamplughrq@theguardian.com,Female
1000,Joellyn,Cardenosa,jcardenosarr@opensource.org,Female
