id,first_name,last_name,email,gender,city,occupation
1,Tim,Greenwood,tgreenwood0@wix.com,Male,Ninomiya,Software Consultant
2,Everett,Toupe,etoupe1@de.vu,Agender,Ingenio,Assistant Manager
3,Raleigh,Vassie,rvassie2@icio.us,Male,Santa Cruz,Web Developer II
4,Berti,McDonogh,bmcdonogh3@redcross.org,Genderfluid,Corinto,Staff Accountant II
5,Barby,Tyght,btyght4@yelp.com,Female,Hongxingqiao,Senior Cost Accountant
6,Kerwinn,MacCaughey,kmaccaughey5@omniture.com,Genderqueer,Huangfang,GIS Technical Architect
7,Marlin,Mitkin,mmitkin6@imgur.com,Male,Tōkamachi,Accountant I
8,Hobey,Duester,hduester7@blinklist.com,Male,Gogosuket,Help Desk Technician
9,Germaine,Stoacley,gstoacley8@geocities.com,Female,Nanhe,Senior Cost Accountant
10,Shawnee,Shackel,sshackel9@fc2.com,Female,Łazy,Senior Developer
11,Jasen,Yaldren,jyaldrena@myspace.com,Male,Qiaotou,Automation Specialist II
12,Shellie,Midford,smidfordb@skype.com,Agender,Colares,Desktop Support Technician
13,Nathalie,Fitzsimons,nfitzsimonsc@disqus.com,Female,Malasila,Electrical Engineer
14,Ddene,Mawson,dmawsond@gmpg.org,Female,Erfangping,Senior Editor
15,Gasparo,Monkeman,gmonkemane@linkedin.com,Male,Shangrao,Occupational Therapist
16,Charyl,Ealles,ceallesf@scientificamerican.com,Female,Elaiochóri,Electrical Engineer
17,Maynord,Gorger,mgorgerg@intel.com,Non-binary,Makungu,Senior Developer
18,Granny,Mordan,gmordanh@discuz.net,Male,Mosetse,Human Resources Manager
19,Vinnie,Toke,vtokei@tiny.cc,Male,Umabay,Pharmacist
20,Bellina,Antony,bantonyj@mac.com,Female,Matur,Environmental Tech
21,Jobyna,Folca,jfolcak@unblog.fr,Female,Mtwango,Help Desk Technician
22,Daniella,Johnigan,djohniganl@mysql.com,Female,Mobai,Technical Writer
23,Guthrie,Sharpous,gsharpousm@posterous.com,Male,Panjing,Accountant III
24,Cassondra,Rabl,crabln@wiley.com,Female,Paramaribo,Design Engineer
25,Maxi,Nelthorp,mnelthorpo@ucsd.edu,Female,Ndjolé,Web Developer I
26,Yolande,Mountford,ymountfordp@census.gov,Female,Curug,Professor
27,Keir,Showte,kshowteq@wiley.com,Male,Dagsar,Chemical Engineer
28,Marline,Habbema,mhabbemar@loc.gov,Female,Pariaman,Structural Analysis Engineer
29,Francklin,Verdy,fverdys@digg.com,Male,Perdões,Recruiting Manager
30,Rip,Woolfall,rwoolfallt@businessinsider.com,Genderqueer,Hamilton,Assistant Manager
31,Leshia,Clegg,lcleggu@alibaba.com,Female,Paty do Alferes,VP Marketing
32,Sherwood,Hollyland,shollylandv@mapquest.com,Male,Boudinar,Associate Professor
33,Lucy,Houston,lhoustonw@ucla.edu,Non-binary,San José de Mayo,Dental Hygienist
34,Hasheem,McAllen,hmcallenx@google.com.br,Male,Marco de Canaveses,Nuclear Power Engineer
35,Noelyn,Penson,npensony@linkedin.com,Female,Songqiao,Senior Cost Accountant
36,Wilden,Joney,wjoneyz@blogtalkradio.com,Male,Stockholm,Cost Accountant
37,Darice,Chinnock,dchinnock10@loc.gov,Female,Quimistán,Software Test Engineer I
38,Boniface,Tayspell,btayspell11@salon.com,Male,Roma,Operator
39,Arlen,Skippen,askippen12@google.cn,Male,Bakar,Legal Assistant
40,Micheil,MacFadden,mmacfadden13@admin.ch,Male,Svrljig,Food Chemist
41,Brannon,Brackley,bbrackley14@europa.eu,Male,Bāglung,Software Consultant
42,Rosabel,Blinco,rblinco15@prlog.org,Female,Sevlievo,Software Engineer III
43,Peri,Sutherel,psutherel16@twitter.com,Female,Dajasongai,Analog Circuit Design manager
44,Dore,Costen,dcosten17@abc.net.au,Male,Changgou,Legal Assistant
45,Sharity,Bellord,sbellord18@scientificamerican.com,Female,Longxian Chengguanzhen,Software Engineer III
46,Jere,Beadnell,jbeadnell19@themeforest.net,Male,Pinggan,Safety Technician IV
47,Caleb,Pasek,cpasek1a@slate.com,Genderfluid,Songhe,Editor
48,Melisa,Ogglebie,mogglebie1b@google.ca,Genderfluid,Tuntum,Registered Nurse
49,Allistir,Barker,abarker1c@imageshack.us,Male,Terneuzen,Developer IV
50,Rosy,Trude,rtrude1d@ning.com,Female,Baki,Environmental Tech
51,Stormie,Lettley,slettley1e@issuu.com,Female,Huimin,Structural Engineer
52,Elfreda,Schirach,eschirach1f@privacy.gov.au,Female,Pyzdry,Editor
53,Jazmin,Jakaway,jjakaway1g@google.com,Female,Telêmaco Borba,Database Administrator I
54,Ashby,Frankcombe,afrankcombe1h@sun.com,Male,Betong,Nuclear Power Engineer
55,Gusella,Brockton,gbrockton1i@printfriendly.com,Female,Talisay,Junior Executive
56,Hebert,Argent,hargent1j@toplist.cz,Male,Haiphong,Structural Analysis Engineer
57,Mira,Jurczyk,mjurczyk1k@ycombinator.com,Female,Pang,Systems Administrator IV
58,Danya,Llywarch,dllywarch1l@comsenz.com,Male,Chợ Gạo,Account Executive
59,Sid,MacMeekan,smacmeekan1m@i2i.jp,Male,Hengshui,Sales Representative
60,Pacorro,Silverson,psilverson1n@geocities.com,Male,Timezgadiouine,Assistant Manager
61,Normie,Castagneri,ncastagneri1o@mit.edu,Male,Sulahan,Nuclear Power Engineer
62,Ilse,Esom,iesom1p@google.com,Female,Zharkent,Recruiter
63,Delbert,Spedding,dspedding1q@sitemeter.com,Male,Wesoła,Financial Advisor
64,Marcela,Roj,mroj1r@list-manage.com,Female,Rincón,Administrative Officer
65,Ruthi,Crimp,rcrimp1s@yolasite.com,Female,Yezhu,Cost Accountant
66,Agace,Bresnahan,abresnahan1t@diigo.com,Female,Dhangarhi,Account Executive
67,Con,Ghelarducci,cghelarducci1u@g.co,Female,Tân Sơn,Account Executive
68,Brennan,Blincow,bblincow1v@feedburner.com,Male,Nangabere,Software Test Engineer III
69,Bobbe,Linggard,blinggard1w@behance.net,Female,Onguday,VP Marketing
70,Herculie,Curphey,hcurphey1x@xrea.com,Male,Ipoh,Junior Executive
71,Clementine,Guilbert,cguilbert1y@bizjournals.com,Female,Kosino,GIS Technical Architect
72,Clevie,Fossick,cfossick1z@nymag.com,Male,Antony,VP Marketing
73,Colleen,Duigan,cduigan20@examiner.com,Female,Dalang,Director of Sales
74,Michele,Pulsford,mpulsford21@boston.com,Male,Krian,Systems Administrator I
75,Kit,Shorbrook,kshorbrook22@mit.edu,Male,Tanjung Raja,Research Assistant II
76,Othilia,Drought,odrought23@loc.gov,Female,Hägersten,Biostatistician IV
77,Electra,McInulty,emcinulty24@elpais.com,Female,Espírito Santo do Pinhal,Automation Specialist II
78,Carlie,Flockhart,cflockhart25@instagram.com,Male,Bhalil,Associate Professor
79,Kellia,Rissom,krissom26@123-reg.co.uk,Female,Pidigan,Assistant Professor
80,Olenolin,O'Lahy,oolahy27@github.com,Male,Bolian,Project Manager
81,Theodora,Pfleger,tpfleger28@hatena.ne.jp,Female,Nogueira,Cost Accountant
82,Linea,Goare,lgoare29@webs.com,Female,Öndörhoshuu,Environmental Specialist
83,Deeyn,Deveril,ddeveril2a@jalbum.net,Female,Buta,Marketing Manager
84,Orelee,Yong,oyong2b@smugmug.com,Female,Nzega,Financial Analyst
85,Lina,Gunson,lgunson2c@imgur.com,Polygender,Mandapajaya,Research Assistant II
86,Henderson,Wellbelove,hwellbelove2d@sina.com.cn,Bigender,Changning,Recruiter
87,Faun,Scramage,fscramage2e@histats.com,Female,Tangzhuang,Office Assistant IV
88,Jania,Wyard,jwyard2f@bandcamp.com,Female,Vergara,Engineer III
89,Harriett,Junes,hjunes2g@wunderground.com,Female,Gorichevo,GIS Technical Architect
90,Mattie,Beneyto,mbeneyto2h@addtoany.com,Male,Gornorechenskiy,Senior Editor
91,Auria,Gambrell,agambrell2i@baidu.com,Female,Ban Rangsit,Data Coordiator
92,Alfred,Kuzma,akuzma2j@msn.com,Male,Sabugueiro,Help Desk Technician
93,Jerad,Biaggetti,jbiaggetti2k@opera.com,Male,Žagarė,Nurse Practicioner
94,Simone,Stevings,sstevings2l@aol.com,Male,Dmitriyevka,Associate Professor
95,Raina,Gateshill,rgateshill2m@ucsd.edu,Female,Mandaon,Senior Editor
96,Olia,Bartosch,obartosch2n@wufoo.com,Female,Kidatu,Assistant Manager
97,Fina,Bruck,fbruck2o@vimeo.com,Female,Oropesa,Senior Financial Analyst
98,Gibby,Lifsey,glifsey2p@mlb.com,Male,Cential,VP Product Management
99,Barbabra,Claiton,bclaiton2q@nhs.uk,Female,San Francisco,Graphic Designer
100,Nico,Grinikhin,ngrinikhin2r@macromedia.com,Male,El Arañado,Structural Engineer
101,Beckie,D'Hooghe,bdhooghe2s@patch.com,Female,Margoyoso,VP Marketing
102,Austine,Olenchikov,aolenchikov2t@weibo.com,Female,Bagaces,Account Representative III
103,Erminia,Lunbech,elunbech2u@samsung.com,Female,Alvaiázere,Research Associate
104,Dino,Sokale,dsokale2v@opera.com,Male,Havlíčkův Brod,Registered Nurse
105,Raddy,Sabey,rsabey2w@china.com.cn,Male,Sylhet,Media Manager I
106,Leroy,de Glanville,ldeglanville2x@google.co.jp,Agender,Lāliān,Mechanical Systems Engineer
107,Elvin,Goodred,egoodred2y@i2i.jp,Male,Susoh,VP Quality Control
108,Brittani,Early,bearly2z@uol.com.br,Female,Jardoeira,Physical Therapy Assistant
109,Niven,Prydie,nprydie30@reuters.com,Male,El Carmen,Senior Developer
110,Mauricio,Beadham,mbeadham31@dmoz.org,Male,Dayin,Quality Engineer
111,Taddeo,Few,tfew32@hatena.ne.jp,Male,Ustyuzhna,Analyst Programmer
112,Richart,Mulvihill,rmulvihill33@webeden.co.uk,Male,Belén de Umbría,Environmental Specialist
113,Bari,Eggleson,beggleson34@symantec.com,Female,Potok Złoty,Design Engineer
114,Yorke,Kerr,ykerr35@domainmarket.com,Male,Zamboanguita,Safety Technician IV
115,Elihu,Gylle,egylle36@pcworld.com,Male,San Cristobal,Assistant Professor
116,Wang,O'Hogertie,wohogertie37@soundcloud.com,Male,Chowṉêy,Research Assistant II
117,Pennie,Tranfield,ptranfield38@businessinsider.com,Genderqueer,Batou,Marketing Assistant
118,Conrado,Pettecrew,cpettecrew39@ezinearticles.com,Male,Anchorage,Environmental Tech
119,Belita,O' Mulderrig,bomulderrig3a@cbsnews.com,Female,Santo Antônio de Jesus,Mechanical Systems Engineer
120,Gerda,Goodbarne,ggoodbarne3b@foxnews.com,Female,Buldon,Human Resources Assistant III
121,Arabel,Siviter,asiviter3c@state.tx.us,Female,Jujur,Senior Developer
122,Keefer,Cossell,kcossell3d@tamu.edu,Male,Calapan,VP Quality Control
123,Waverley,Blamire,wblamire3e@who.int,Male,Aradac,Quality Engineer
124,Iorgo,Doel,idoel3f@weibo.com,Male,Salamanca,Executive Secretary
125,Tristam,Nibley,tnibley3g@wix.com,Male,Vanino,Systems Administrator IV
126,Ottilie,Shaefer,oshaefer3h@imgur.com,Female,Ojo de Agua,Electrical Engineer
127,Jinny,Challinor,jchallinor3i@dyndns.org,Female,Rentian,Account Coordinator
128,Reece,Wolstencroft,rwolstencroft3j@ow.ly,Male,Quilpué,Environmental Specialist
129,Hayley,Creelman,hcreelman3k@freewebs.com,Agender,Terang,Civil Engineer
130,Mathias,Meggison,mmeggison3l@hud.gov,Male,Rahama,Technical Writer
131,Frankie,Lemmers,flemmers3m@angelfire.com,Male,Pocokan Satu,Database Administrator IV
132,Amy,Rustedge,arustedge3n@ed.gov,Female,Xindi,GIS Technical Architect
133,Jerri,Eronie,jeronie3o@time.com,Male,Cililitan,Senior Financial Analyst
134,Mirelle,Como,mcomo3p@dagondesign.com,Female,Stronie,Structural Analysis Engineer
135,Edd,Pilsworth,epilsworth3q@timesonline.co.uk,Male,Tajrīsh,Health Coach IV
136,Tremayne,Lisimore,tlisimore3r@mapquest.com,Male,Owase,Teacher
137,Boycie,Charter,bcharter3s@latimes.com,Male,Manaloal,Help Desk Technician
138,Christoph,Lune,clune3t@chron.com,Male,Indramayu,Nurse
139,Adi,Wheelan,awheelan3u@flickr.com,Female,Kuivaniemi,Developer IV
140,Gasper,Moralee,gmoralee3v@forbes.com,Male,Rychnov nad Kněžnou,Clinical Specialist
141,Rani,Hugh,rhugh3w@unesco.org,Female,Charat,Marketing Assistant
142,Timmy,Learmont,tlearmont3x@sina.com.cn,Male,Kangar,Payment Adjustment Coordinator
143,Christy,Stubbert,cstubbert3y@devhub.com,Female,Batumi,Actuary
144,Beatrice,Moon,bmoon3z@cam.ac.uk,Female,Kuafeu,Structural Analysis Engineer
145,Cleveland,Cressey,ccressey40@themeforest.net,Male,Avelar,Financial Advisor
146,Kellsie,Seamer,kseamer41@storify.com,Female,Campbellton,Biostatistician I
147,Reinwald,Emlin,remlin42@typepad.com,Male,Berlin,Media Manager III
148,Shayne,Sunman,ssunman43@simplemachines.org,Female,Pápa,Software Test Engineer I
149,Reed,Halstead,rhalstead44@home.pl,Male,Buinsk,Marketing Assistant
150,Nomi,Colliss,ncolliss45@csmonitor.com,Female,Louisville,Registered Nurse
151,Zilvia,Fratson,zfratson46@infoseek.co.jp,Female,La Dicha,Professor
152,Lenore,Couve,lcouve47@nsw.gov.au,Female,Malesína,Nurse Practicioner
153,Kary,Bone,kbone48@eepurl.com,Female,Lyntupy,Assistant Media Planner
154,Ange,Dryden,adryden49@ehow.com,Male,Maquanzhen,Human Resources Manager
155,Pietra,Hayball,phayball4a@hp.com,Female,Yuwang,Staff Scientist
156,Bennie,Faltin,bfaltin4b@sourceforge.net,Male,Wadung,Programmer II
157,Shandy,Goldston,sgoldston4c@ox.ac.uk,Female,Farkhah,VP Quality Control
158,Reg,Godin,rgodin4d@slideshare.net,Male,Novi Pazar,Associate Professor
159,Cinda,Saphin,csaphin4e@blogs.com,Female,Sumberarumkrajan,Developer I
160,Berty,Passie,bpassie4f@harvard.edu,Female,Bianzhuang,Staff Scientist
161,Lynelle,Inde,linde4g@wikispaces.com,Female,Sukošan,Civil Engineer
162,Agustin,Keable,akeable4h@spiegel.de,Male,Pedinó,Account Executive
163,Abbi,Melland,amelland4i@xrea.com,Genderfluid,Chenfang,Analyst Programmer
164,Alayne,Caen,acaen4j@jiathis.com,Female,Shagang,Help Desk Technician
165,Byrann,Sharple,bsharple4k@economist.com,Male,Cambará,Analog Circuit Design manager
166,Kaja,Lambole,klambole4l@samsung.com,Female,Liulin,Senior Editor
167,Gigi,Szepe,gszepe4m@dell.com,Female,Doumuhu,Database Administrator II
168,Sibilla,O'Sharkey,sosharkey4n@cpanel.net,Female,Jatirogo,Occupational Therapist
169,Tracy,Ruos,truos4o@webeden.co.uk,Male,Lugouqiao,Product Engineer
170,Charlean,Flewitt,cflewitt4p@over-blog.com,Genderfluid,Zuoxi,Database Administrator I
171,Leilah,Duggen,lduggen4q@nba.com,Genderqueer,Tayang,Computer Systems Analyst I
172,Stuart,Birkmyr,sbirkmyr4r@chicagotribune.com,Male,Qa‘ţabah,Senior Cost Accountant
173,Valentine,De la Eglise,vdelaeglise4s@noaa.gov,Female,Tiguion,Quality Engineer
174,Stanwood,Reboul,sreboul4t@amazon.com,Male,Nizao,Product Engineer
175,Adolph,Piell,apiell4u@soundcloud.com,Male,Kauit,Information Systems Manager
176,Adlai,Henbury,ahenbury4v@technorati.com,Male,Tangjiapo,Librarian
177,Guntar,Versey,gversey4w@walmart.com,Male,Kotor,Geologist I
178,Goran,Stennard,gstennard4x@nifty.com,Male,Newport Beach,Mechanical Systems Engineer
179,Joela,Karppi,jkarppi4y@trellian.com,Female,Vale de Touros,Senior Quality Engineer
180,Devan,Davydzenko,ddavydzenko4z@trellian.com,Female,Busungbiu,Business Systems Development Analyst
181,Alisa,Bonaire,abonaire50@mashable.com,Bigender,Luokou,Analog Circuit Design manager
182,Theo,Denton,tdenton51@ning.com,Male,Mary,Research Assistant II
183,Isabella,Czadla,iczadla52@wisc.edu,Polygender,Moravská Nová Ves,Food Chemist
184,Nap,Medcraft,nmedcraft53@census.gov,Male,Dąbie,Professor
185,Julian,Verrall,jverrall54@ed.gov,Male,Quimilí,Analog Circuit Design manager
186,Micheil,Manton,mmanton55@vistaprint.com,Polygender,Sakaidechō,Payment Adjustment Coordinator
187,Mechelle,Brookson,mbrookson56@domainmarket.com,Female,Djambala,Actuary
188,Giorgi,Clothier,gclothier57@ebay.co.uk,Male,Aqsay,Sales Associate
189,Vanya,Mattin,vmattin58@dropbox.com,Male,Gaoping,Recruiter
190,Rick,Aers,raers59@ustream.tv,Male,Xazgat,VP Accounting
191,Mayor,Wigelsworth,mwigelsworth5a@marketwatch.com,Male,Paris 07,Registered Nurse
192,Cassius,Semmence,csemmence5b@guardian.co.uk,Male,Hengshanqiao,Software Consultant
193,Shandra,Betchley,sbetchley5c@ezinearticles.com,Female,Cap Malheureux,Senior Financial Analyst
194,Jodie,Cluley,jcluley5d@booking.com,Bigender,Magetlegar,Quality Engineer
195,Ivett,Haizelden,ihaizelden5e@pagesperso-orange.fr,Female,Banān,Desktop Support Technician
196,Thacher,Semeniuk,tsemeniuk5f@cargocollective.com,Male,Les Cèdres,Marketing Assistant
197,Darsie,Hansley,dhansley5g@jimdo.com,Female,Cambas,VP Marketing
198,Abba,Bohden,abohden5h@dedecms.com,Male,Inari,Chief Design Engineer
199,Ruperta,Greaser,rgreaser5i@tinyurl.com,Female,Omsukchan,Account Coordinator
200,Hope,Kmieciak,hkmieciak5j@etsy.com,Female,Shiozawa,Executive Secretary
201,Raoul,Maase,rmaase5k@sciencedirect.com,Male,Adraskan,Product Engineer
202,Pris,Potzold,ppotzold5l@skype.com,Agender,Santa Rosa,Electrical Engineer
203,Leticia,Gatrell,lgatrell5m@wufoo.com,Female,Youwarou,Administrative Assistant III
204,Carlin,Risom,crisom5n@deliciousdays.com,Male,Lastoursville,Director of Sales
205,Hildagarde,Martinson,hmartinson5o@nbcnews.com,Female,Pepayan,Database Administrator I
206,Berni,Cottel,bcottel5p@gnu.org,Polygender,Zhongzuiling,Administrative Officer
207,Giulia,Drugan,gdrugan5q@answers.com,Female,Las Vegas,Biostatistician II
208,Angus,Shadrack,ashadrack5r@4shared.com,Male,Pogranichnyy,Media Manager II
209,Dona,Bartrum,dbartrum5s@lulu.com,Female,Sarmīn,Speech Pathologist
210,Rodolfo,Withrop,rwithrop5t@hexun.com,Male,Comodoro Rivadavia,Nuclear Power Engineer
211,Dione,Dongles,ddongles5u@ovh.net,Female,Velagići,Executive Secretary
212,Clovis,Wernham,cwernham5v@wufoo.com,Female,Keroak,VP Quality Control
213,Brade,Beevers,bbeevers5w@psu.edu,Male,Franceville,Operator
214,Haleigh,Ellesmere,hellesmere5x@domainmarket.com,Female,Xindong,Biostatistician III
215,Kevyn,Blackden,kblackden5y@github.io,Female,Ordos,Cost Accountant
216,Nollie,Berling,nberling5z@dell.com,Female,Gebang,Community Outreach Specialist
217,Jody,Campion,jcampion60@kickstarter.com,Male,Muzayri‘,Senior Sales Associate
218,Hollyanne,Rowbrey,hrowbrey61@hugedomains.com,Female,Sibreh,Human Resources Manager
219,Ava,Pedrol,apedrol62@rambler.ru,Female,Dananyu,Graphic Designer
220,Killie,Mangenet,kmangenet63@economist.com,Male,Sovetskiy,Health Coach I
221,Christal,Toomey,ctoomey64@businessweek.com,Female,Hepang,Office Assistant III
222,Daryl,O'Sculley,dosculley65@dailymail.co.uk,Female,La Luz,VP Marketing
223,Hilarius,Inskipp,hinskipp66@ehow.com,Male,Mbaké,Design Engineer
224,Maureen,Karpol,mkarpol67@elegantthemes.com,Female,Paris 17,Help Desk Technician
225,Cointon,Cheyney,ccheyney68@cpanel.net,Male,Frederiksberg,Office Assistant I
226,Mark,Dello,mdello69@msn.com,Male,Kendayakan,Systems Administrator II
227,Magnum,Manger,mmanger6a@dropbox.com,Male,Fumin,Accountant I
228,Bernadette,Sibbering,bsibbering6b@tmall.com,Female,Kanḏay,Assistant Manager
229,Odie,Batt,obatt6c@blogspot.com,Male,Encruzilhada do Sul,Database Administrator II
230,Thibaut,Bater,tbater6d@tinypic.com,Male,Gueltat Zemmour,VP Quality Control
231,Meredeth,Noore,mnoore6e@businessweek.com,Male,Tanjung Pandan,Senior Quality Engineer
232,Rois,Pearne,rpearne6f@de.vu,Female,Facatativá,VP Accounting
233,Nelson,Stodd,nstodd6g@moonfruit.com,Male,Pursat,Administrative Assistant II
234,Tami,Burry,tburry6h@amazon.com,Female,Kuje,Senior Quality Engineer
235,Diandra,De Biasi,ddebiasi6i@ftc.gov,Female,Jacareí,Human Resources Manager
236,Bernhard,Hutchens,bhutchens6j@mysql.com,Male,Loivos,Senior Developer
237,Filberte,Howen,fhowen6k@mashable.com,Male,Xueshan,Human Resources Manager
238,Lazare,Mordey,lmordey6l@cmu.edu,Male,Nanzamu,Health Coach III
239,Alaster,Spinola,aspinola6m@go.com,Male,Shuangqiao,Mechanical Systems Engineer
240,Netti,Hundley,nhundley6n@creativecommons.org,Female,Zhuxi,Legal Assistant
241,Rianon,Frodsam,rfrodsam6o@nydailynews.com,Female,Manay,Engineer III
242,Colin,Isacoff,cisacoff6p@google.fr,Polygender,Johanneshov,Financial Analyst
243,Waldo,Keasy,wkeasy6q@amazon.de,Bigender,Dhidhdhoo,Paralegal
244,Georgi,Ingham,gingham6r@ucsd.edu,Male,Cawalo,Research Associate
245,Dix,Avieson,davieson6s@gov.uk,Female,Joyabaj,Administrative Officer
246,Lilly,D'Alesco,ldalesco6t@abc.net.au,Female,Douane,Financial Advisor
247,Marieann,de Keyser,mdekeyser6u@imdb.com,Female,Marco,Senior Quality Engineer
248,Cassandre,Leidl,cleidl6v@vk.com,Female,Lughaye,Web Developer IV
249,Rory,McCulloch,rmcculloch6w@odnoklassniki.ru,Female,Hejiabao,Biostatistician II
250,Aura,Heaselgrave,aheaselgrave6x@ycombinator.com,Female,San Teodoro,Engineer II
251,Timotheus,Aisbett,taisbett6y@about.com,Male,Poiares,Compensation Analyst
252,Curcio,Reef,creef6z@boston.com,Male,Kopstal,Systems Administrator II
253,Humfrid,Thorrold,hthorrold70@mtv.com,Polygender,Ivanovskoye,Internal Auditor
254,Orel,Cowerd,ocowerd71@mlb.com,Genderqueer,Jetak Kulon,Nurse Practicioner
255,Garrett,Hudghton,ghudghton72@barnesandnoble.com,Male,Eqbālīyeh,Office Assistant II
256,Say,Thorneywork,sthorneywork73@cmu.edu,Male,Zagora,Chemical Engineer
257,Jenny,Linnard,jlinnard74@imageshack.us,Female,Sucha,Systems Administrator IV
258,Ase,Friett,afriett75@mac.com,Male,Maldonado,Clinical Specialist
259,Randy,Rummery,rrummery76@si.edu,Male,Alasmalang,Cost Accountant
260,Maude,Edon,medon77@usgs.gov,Female,Shijiazhuang,Registered Nurse
261,Deane,Bromehed,dbromehed78@pcworld.com,Female,Zvole,Account Executive
262,Talya,Dietsche,tdietsche79@tinyurl.com,Female,Qila Abdullāh,Web Developer I
263,Kermit,Shermar,kshermar7a@comcast.net,Male,Nanyuan,Computer Systems Analyst II
264,Rivi,Deschelle,rdeschelle7b@hexun.com,Female,Banjar Buahan,Biostatistician III
265,Fabian,Fieller,ffieller7c@harvard.edu,Male,Hongtang,Statistician III
266,Josephine,Passby,jpassby7d@icio.us,Female,Borovskiy,Actuary
267,James,Willard,jwillard7e@webnode.com,Male,Baun,Accountant I
268,Michail,Procter,mprocter7f@rambler.ru,Male,Peyima,Structural Analysis Engineer
269,Merrill,Casine,mcasine7g@joomla.org,Male,El Benque,Paralegal
270,Marney,Di Pietro,mdipietro7h@mozilla.com,Female,Skorogoszcz,Software Consultant
271,Jaymie,Kitchenside,jkitchenside7i@nbcnews.com,Male,Lubao,Actuary
272,Clayborn,Jordin,cjordin7j@irs.gov,Male,Dongen,Systems Administrator II
273,Vernen,Matuska,vmatuska7k@cnn.com,Male,Ayang-ni,Help Desk Technician
274,Josias,Jelkes,jjelkes7l@unblog.fr,Male,Spånga,Design Engineer
275,Alyson,Westmancoat,awestmancoat7m@wisc.edu,Female,Buenlag,Assistant Professor
276,Cahra,Bryson,cbryson7n@msn.com,Female,Yuankeng,Legal Assistant
277,Nickey,Olivet,nolivet7o@mashable.com,Male,Helsingborg,Assistant Media Planner
278,Sullivan,Nassy,snassy7p@addtoany.com,Agender,Brusyliv,Staff Scientist
279,Julia,Calladine,jcalladine7q@last.fm,Female,Blatnica,Executive Secretary
280,Latisha,Scade,lscade7r@nifty.com,Female,Campos Sales,Senior Sales Associate
281,Hilary,Langstone,hlangstone7s@ezinearticles.com,Female,Antequera,Paralegal
282,Lonna,Ilbert,lilbert7t@vistaprint.com,Female,Kharabali,Librarian
283,Cornelle,Warmisham,cwarmisham7u@merriam-webster.com,Female,Samboan,Database Administrator I
284,Ola,Dominichelli,odominichelli7v@t.co,Female,Konstancin-Jeziorna,Nurse Practicioner
285,Jerome,Bilam,jbilam7w@123-reg.co.uk,Genderfluid,Rohia,Accountant III
286,Randi,Spilsbury,rspilsbury7x@prweb.com,Agender,Runan,Financial Advisor
287,Reade,Harm,rharm7y@kickstarter.com,Male,Middelburg,Analyst Programmer
288,Laney,Telling,ltelling7z@blogs.com,Bigender,Badovinci,Accountant III
289,Janie,Waddie,jwaddie80@rediff.com,Female,Saint-Félicien,Nurse
290,Tanner,Lamb,tlamb81@hostgator.com,Male,Sandefjord,Staff Accountant I
291,Barclay,Gowdridge,bgowdridge82@mayoclinic.com,Male,Kiên Lương,Information Systems Manager
292,Dolph,Graalmans,dgraalmans83@amazon.com,Male,Anchang,Graphic Designer
293,Brucie,Berrill,bberrill84@wunderground.com,Male,Sudimanik,Associate Professor
294,Myra,Macallam,mmacallam85@nifty.com,Female,Staraya Ladoga,Structural Engineer
295,Rog,MacAfee,rmacafee86@vimeo.com,Male,Pakel,Accountant II
296,Arlie,Wilsher,awilsher87@google.cn,Female,Huanghuai,Senior Financial Analyst
297,Weston,Symmers,wsymmers88@cam.ac.uk,Male,Cipanjang,Mechanical Systems Engineer
298,Brant,Rummin,brummin89@wiley.com,Male,Banjar Beratan,Data Coordiator
299,Peadar,Stockhill,pstockhill8a@wordpress.org,Male,Miraflores,Web Designer I
300,Reilly,Sebborn,rsebborn8b@quantcast.com,Male,Doroslovo,Programmer IV
301,Osborne,Annell,oannell8c@zdnet.com,Male,Middleton,Staff Scientist
302,Rockey,Winship,rwinship8d@google.es,Male,Vélo,Senior Editor
303,Maia,Deroche,mderoche8e@fc2.com,Female,Mailag,Account Representative III
304,Phip,Kildale,pkildale8f@arstechnica.com,Male,Inashiki,Director of Sales
305,Gracia,Abramamovh,gabramamovh8g@nasa.gov,Female,Sakaidechō,Clinical Specialist
306,Emmalynn,Sibley,esibley8h@bluehost.com,Female,Plakhtiyivka,Nuclear Power Engineer
307,Kori,Giral,kgiral8i@privacy.gov.au,Polygender,Ipueiras,Environmental Specialist
308,Marleah,Rankcom,mrankcom8j@desdev.cn,Female,Dallas,Product Engineer
309,Torie,Organer,torganer8k@google.com.au,Bigender,Shardara,Compensation Analyst
310,Kevina,Hards,khards8l@ebay.co.uk,Female,Avignon,Software Test Engineer III
311,Lauree,Northey,lnorthey8m@surveymonkey.com,Female,Kujung,VP Marketing
312,Timmie,Huston,thuston8n@miitbeian.gov.cn,Polygender,Verenchanka,Marketing Assistant
313,Rourke,Kalf,rkalf8o@pbs.org,Male,Golek,Senior Financial Analyst
314,Grove,Viccars,gviccars8p@sciencedaily.com,Male,Hřebeč,Geologist IV
315,Caleb,Obey,cobey8q@e-recht24.de,Male,Huomachong,Quality Control Specialist
316,Netty,Reay,nreay8r@nytimes.com,Polygender,Jiangwan,Assistant Manager
317,Marlow,McClosh,mmcclosh8s@studiopress.com,Male,Bergen,Geological Engineer
318,Ekaterina,Leyman,eleyman8t@drupal.org,Female,Rio das Pedras,Web Developer IV
319,Sylvia,Danieli,sdanieli8u@dion.ne.jp,Female,Hang Dong,Business Systems Development Analyst
320,Kally,Lerhinan,klerhinan8v@sourceforge.net,Female,Chenghe,Data Coordiator
321,Austin,Tacey,atacey8w@cnn.com,Male,Viljoenskroon,Administrative Officer
322,Benjy,Pietroni,bpietroni8x@epa.gov,Male,Maranganí,Quality Control Specialist
323,Fairfax,Woolward,fwoolward8y@yelp.com,Male,Pilar,Software Consultant
324,Lyman,Cicconettii,lcicconettii8z@domainmarket.com,Male,Haenam,Marketing Assistant
325,Armin,Baldoni,abaldoni90@angelfire.com,Male,Trzcinica,Health Coach II
326,Emilee,Leifer,eleifer91@gizmodo.com,Female,Matadi,General Manager
327,Law,Hebblewhite,lhebblewhite92@biglobe.ne.jp,Male,Punolu,Project Manager
328,Hugibert,Sagerson,hsagerson93@sciencedaily.com,Male,Maranura,Registered Nurse
329,Claudia,Goldstone,cgoldstone94@baidu.com,Female,Jabungsisir,Analog Circuit Design manager
330,Tammie,Lemmanbie,tlemmanbie95@yandex.ru,Genderqueer,Xiaohebian,Statistician III
331,Lorilyn,Ebbens,lebbens96@example.com,Female,Staryy Krym,Actuary
332,Frasier,Pavy,fpavy97@bing.com,Male,Sulahan,Account Representative IV
333,Sascha,Stooders,sstooders98@surveymonkey.com,Genderqueer,Matam,Financial Advisor
334,Danice,Gumey,dgumey99@youtube.com,Female,Kiel,Recruiter
335,Marcie,Dumphries,mdumphries9a@reference.com,Female,Welibo,Desktop Support Technician
336,Raine,Batcheldor,rbatcheldor9b@nationalgeographic.com,Female,Dístomo,Biostatistician II
337,Raleigh,Chisman,rchisman9c@vimeo.com,Male,Libertador General San Martín,Junior Executive
338,Clem,Galego,cgalego9d@slideshare.net,Polygender,Mólos,Developer IV
339,Bendicty,Wilkins,bwilkins9e@senate.gov,Male,Ostuncalco,Database Administrator IV
340,Ebba,Bunney,ebunney9f@e-recht24.de,Female,Zhangwan,Actuary
341,Steffane,Polet,spolet9g@csmonitor.com,Female,Grujugan,Legal Assistant
342,Angelico,Madoc-Jones,amadocjones9h@unicef.org,Male,Chambellan,GIS Technical Architect
343,Aldo,Bothram,abothram9i@is.gd,Male,Banī Ḩassān,Systems Administrator I
344,Carlin,Aslam,caslam9j@japanpost.jp,Male,Las Matas de Farfán,Office Assistant III
345,Blythe,Luxton,bluxton9k@networkadvertising.org,Female,Petaluma,Senior Sales Associate
346,Leisha,Hallock,lhallock9l@webnode.com,Female,Rixinhe,Media Manager II
347,Chastity,Langlais,clanglais9m@xrea.com,Female,Nagosela,Editor
348,Cordelie,Schubuser,cschubuser9n@mashable.com,Female,Xiwu,Health Coach III
349,Christos,Carthew,ccarthew9o@storify.com,Male,Lahān,Environmental Tech
350,Meryl,Bercevelo,mbercevelo9p@google.co.jp,Female,Randuagung,Chief Design Engineer
351,Agnola,Poundsford,apoundsford9q@techcrunch.com,Female,Gaborone,Software Consultant
352,Kassey,Nockalls,knockalls9r@vinaora.com,Female,Kuiyong,Payment Adjustment Coordinator
353,Guss,Ogles,gogles9s@w3.org,Male,Leigu,Assistant Professor
354,Avictor,Dransfield,adransfield9t@usatoday.com,Male,Beni,Physical Therapy Assistant
355,Lexine,Roberson,lroberson9u@dyndns.org,Female,Shuangcheng,Web Designer II
356,Zacharie,Shipcott,zshipcott9v@weather.com,Male,Pereval'noe,Mechanical Systems Engineer
357,Scotty,Mott,smott9w@ucla.edu,Male,Manturovo,VP Marketing
358,Dorry,Haselup,dhaselup9x@weebly.com,Female,Atuntaqui,Actuary
359,Lockwood,Negri,lnegri9y@house.gov,Male,Rio de Moinhos,Senior Quality Engineer
360,Kassey,Gaitone,kgaitone9z@macromedia.com,Female,Cabricán,Health Coach IV
361,Magda,Clemon,mclemona0@vimeo.com,Genderqueer,Concepción de La Vega,Data Coordiator
362,Robbyn,Cattonnet,rcattonneta1@foxnews.com,Female,Negombo,Office Assistant II
363,Christoper,Frayn,cfrayna2@cloudflare.com,Male,Taluncemara,Pharmacist
364,Shannan,Trusdale,strusdalea3@fotki.com,Male,Chamical,VP Quality Control
365,Briney,Howells,bhowellsa4@elpais.com,Female,San Diego,Editor
366,Ortensia,Safe,osafea5@spiegel.de,Agender,Kamwenge,Editor
367,Galven,Callander,gcallandera6@marketwatch.com,Male,San Antonio,Accountant II
368,Jack,Ratnege,jratnegea7@house.gov,Male,Dongdai,Budget/Accounting Analyst IV
369,Ahmad,Cannaway,acannawaya8@ca.gov,Male,Polunochnoye,Software Engineer II
370,Korey,Toward,ktowarda9@tuttocitta.it,Male,Dong’an,Project Manager
371,Averil,Methingam,amethingamaa@howstuffworks.com,Male,El Cubolero,Tax Accountant
372,Kevina,Valentin,kvalentinab@amazon.com,Female,Sölvesborg,Operator
373,Lothaire,Weekland,lweeklandac@shinystat.com,Male,Gò Quao,Senior Quality Engineer
374,Lianna,Lamonby,llamonbyad@amazon.co.jp,Female,Sukadana,Mechanical Systems Engineer
375,Aurthur,Hasloch,ahaslochae@usnews.com,Bigender,Shijia,Office Assistant I
376,Alyssa,Dunn,adunnaf@sitemeter.com,Female,Cafe,Community Outreach Specialist
377,Kinna,Yakunkin,kyakunkinag@squidoo.com,Female,Dongyuan,VP Quality Control
378,Wendye,Carthew,wcarthewah@wisc.edu,Polygender,Kohtla-Järve,Automation Specialist I
379,Pavla,Armsden,parmsdenai@csmonitor.com,Female,Dayr Abū Ḑa‘īf,Senior Quality Engineer
380,Lorenzo,Vasyushkhin,lvasyushkhinaj@yandex.ru,Male,Meizhou,Speech Pathologist
381,Miguelita,Hanfrey,mhanfreyak@virginia.edu,Female,Richmond,Environmental Tech
382,Oneida,Dargue,odargueal@plala.or.jp,Female,Sogati,Nurse
383,Lulita,Borley,lborleyam@webnode.com,Female,Changxi,Geologist I
384,Clayton,Doniso,cdonisoan@cocolog-nifty.com,Male,Gandra,Cost Accountant
385,Barnabe,Derby,bderbyao@gov.uk,Genderfluid,Luodian,Account Representative II
386,Suzy,Vittori,svittoriap@who.int,Female,Edosaki,Programmer III
387,Eduardo,Cockland,ecocklandaq@cisco.com,Male,Vale da Bajouca,Junior Executive
388,Augie,Reihm,areihmar@arizona.edu,Male,Jiangguanchi,VP Quality Control
389,Clotilda,Pearman,cpearmanas@va.gov,Female,Duowa,Environmental Specialist
390,Craig,Szymonowicz,cszymonowiczat@sourceforge.net,Male,Fryčovice,Payment Adjustment Coordinator
391,Astrix,Southwell,asouthwellau@i2i.jp,Female,Gorbatovka,Assistant Professor
392,Finn,Blomefield,fblomefieldav@mlb.com,Male,Shapa,Quality Engineer
393,Miof mela,Kubik,mkubikaw@sfgate.com,Female,Turnišče,Junior Executive
394,Gerhard,Brettor,gbrettorax@theatlantic.com,Male,Bragança,Operator
395,Shae,Larrat,slarratay@google.com.hk,Male,Inazawa,Financial Analyst
396,Elisabeth,Meynell,emeynellaz@fda.gov,Female,Olleros,Nurse Practicioner
397,Alfonse,Trippitt,atrippittb0@wisc.edu,Male,Nzega,Financial Advisor
398,Deborah,Chastagnier,dchastagnierb1@blogger.com,Polygender,Rūjayb,Environmental Tech
399,Bobbie,Becconsall,bbecconsallb2@elegantthemes.com,Male,Esplanada,Research Associate
400,Graeme,Barron,gbarronb3@devhub.com,Male,Bojongsarung,Assistant Manager
401,Hyacinthia,Stear,hstearb4@sun.com,Female,Kivsharivka,Graphic Designer
402,Boycie,Haselgrove,bhaselgroveb5@reverbnation.com,Male,Chahe,Registered Nurse
403,Appolonia,Sharratt,asharrattb6@hc360.com,Female,Mariel,Physical Therapy Assistant
404,Carissa,Wixey,cwixeyb7@sciencedaily.com,Female,Geneng,VP Quality Control
405,Ruggiero,Castellet,rcastelletb8@businessweek.com,Male,Bačka Palanka,Environmental Specialist
406,Findley,Flobert,fflobertb9@wsj.com,Male,Huangzhuang,Staff Scientist
407,Melisa,Creeboe,mcreeboeba@icio.us,Female,Olho Marinho,Civil Engineer
408,Erhart,Wainwright,ewainwrightbb@nature.com,Male,Bianba,Quality Engineer
409,Boone,Leibold,bleiboldbc@go.com,Male,Bayt Ūmmar,Software Engineer I
410,Pepito,Turpin,pturpinbd@godaddy.com,Male,Dijon,Administrative Assistant IV
411,Madelin,Augustin,maugustinbe@github.io,Non-binary,Rajadesa,Engineer IV
412,Renado,Willgoose,rwillgoosebf@ezinearticles.com,Male,Ḩuraytān,Geological Engineer
413,Jamey,Duffet,jduffetbg@sciencedirect.com,Male,Rencun,Environmental Specialist
414,Sydney,Elacoate,selacoatebh@indiatimes.com,Female,Krzynowłoga Mała,Help Desk Technician
415,Victor,Stuther,vstutherbi@slashdot.org,Male,Tupesy,Administrative Assistant I
416,Miltie,Gonneau,mgonneaubj@jugem.jp,Male,Pindamonhangaba,Cost Accountant
417,Bax,Jonathon,bjonathonbk@addthis.com,Male,Malibago,Paralegal
418,Deidre,Tybalt,dtybaltbl@sakura.ne.jp,Female,Wenlin,Sales Associate
419,Lyell,Peyro,lpeyrobm@engadget.com,Male,Kugluktuk,Assistant Manager
420,Shandra,Clemanceau,sclemanceaubn@ihg.com,Female,San Cristóbal Totonicapán,Operator
421,Barnebas,Mackstead,bmacksteadbo@businesswire.com,Non-binary,Kanália,Recruiting Manager
422,Malinde,Wordington,mwordingtonbp@tiny.cc,Female,Shaba Zhen,Administrative Assistant I
423,Priscella,Kopfen,pkopfenbq@utexas.edu,Genderfluid,Al Tuḩaytā’,Chief Design Engineer
424,Briant,McCaster,bmccasterbr@google.de,Male,Gualmatán,Speech Pathologist
425,Halli,Goodinson,hgoodinsonbs@squidoo.com,Genderqueer,Xinqiao,VP Sales
426,Tommy,Tregidgo,ttregidgobt@unc.edu,Male,Changle,Legal Assistant
427,Deva,Spellworth,dspellworthbu@yellowbook.com,Female,Acul du Nord,Budget/Accounting Analyst II
428,Erick,Braid,ebraidbv@google.ca,Male,Capellanía,Physical Therapy Assistant
429,Briggs,Kensall,bkensallbw@microsoft.com,Male,Issa,Environmental Tech
430,Willabella,Van Saltsberg,wvansaltsbergbx@zdnet.com,Female,Lobatse,VP Accounting
431,Adolphus,Colbridge,acolbridgeby@marketwatch.com,Male,Abay,Geologist IV
432,Rani,Bovis,rbovisbz@ustream.tv,Female,Panino,Operator
433,Ardisj,Nordass,anordassc0@dropbox.com,Female,Sukaraja,Programmer Analyst IV
434,Marcellus,MacGillreich,mmacgillreichc1@comcast.net,Male,Hukeng,Analyst Programmer
435,Marielle,Raubenheimers,mraubenheimersc2@telegraph.co.uk,Female,Blagaj,Junior Executive
436,Hurleigh,Kesby,hkesbyc3@blogs.com,Male,Infanta,Safety Technician II
437,Nedda,Maliphant,nmaliphantc4@utexas.edu,Female,Sima,Human Resources Assistant IV
438,Willard,Flather,wflatherc5@furl.net,Bigender,Tatarsk,Statistician II
439,Blythe,Lavallie,blavalliec6@seesaa.net,Female,Priozërsk,Safety Technician IV
440,Wernher,Gatlin,wgatlinc7@twitpic.com,Male,Coishco,Administrative Officer
441,Barnie,Banton,bbantonc8@technorati.com,Agender,Cikawunggading,Desktop Support Technician
442,Jillayne,Beckey,jbeckeyc9@jalbum.net,Female,Avignon,Accountant II
443,Aron,Farthin,afarthinca@gizmodo.com,Male,Velké Meziříčí,Director of Sales
444,Elene,Lotwich,elotwichcb@sina.com.cn,Female,Daphu,Senior Quality Engineer
445,Mariam,Beckerleg,mbeckerlegcc@angelfire.com,Female,Talibura,Senior Quality Engineer
446,Kaitlin,Grigorini,kgrigorinicd@nyu.edu,Bigender,Ketovo,Information Systems Manager
447,Arne,Petschelt,apetscheltce@blogs.com,Male,Mococa,Product Engineer
448,Patten,Gelderd,pgelderdcf@goo.gl,Male,Penápolis,Compensation Analyst
449,Guido,McGarry,gmcgarrycg@netlog.com,Male,Sungairaya,Occupational Therapist
450,Fee,Ribey,fribeych@europa.eu,Male,Wang Hin,Associate Professor
451,Hallsy,Marczyk,hmarczykci@zimbio.com,Male,Antipolo,VP Accounting
452,Brandice,Oldknowe,boldknowecj@sourceforge.net,Female,Järfälla,Sales Associate
453,Lewes,Scoggan,lscogganck@google.de,Male,Emiliano Zapata,Developer III
454,Willetta,Delacour,wdelacourcl@netscape.com,Female,Al Ḩazm,Nurse
455,Berky,Buckel,bbuckelcm@cpanel.net,Agender,Jonkowo,Analog Circuit Design manager
456,Alexis,Uman,aumancn@jimdo.com,Female,Hovtashen,Editor
457,Erena,Munkley,emunkleyco@miibeian.gov.cn,Female,Ivanec,Budget/Accounting Analyst III
458,Menard,MacKean,mmackeancp@theatlantic.com,Male,Malaryta,Desktop Support Technician
459,Erroll,Djuricic,edjuriciccq@ow.ly,Male,Venda Nova,Product Engineer
460,Granger,Jaukovic,gjaukoviccr@comcast.net,Male,Moville,Graphic Designer
461,Harold,Elsmor,helsmorcs@twitter.com,Male,Ar Ruways,Design Engineer
462,Cati,Maddrell,cmaddrellct@amazonaws.com,Female,Tambillo,Research Assistant I
463,Dionis,Weiser,dweisercu@springer.com,Female,Psary,VP Sales
464,Erda,Loughney,eloughneycv@tripod.com,Female,Khlong Sam Wa,Marketing Manager
465,Homerus,Harbour,hharbourcw@bloomberg.com,Male,Härnösand,Payment Adjustment Coordinator
466,Benjamin,Caulcott,bcaulcottcx@blogspot.com,Male,Citeguh,Assistant Professor
467,Jecho,Joire,jjoirecy@com.com,Male,Salcedo,Registered Nurse
468,Hatty,Wakeley,hwakeleycz@de.vu,Female,Rentung,Database Administrator I
469,Stanleigh,Gaynesford,sgaynesfordd0@ebay.com,Male,Senador Canedo,Assistant Media Planner
470,Errick,Keyworth,ekeyworthd1@google.de,Male,Ribeiro,Software Consultant
471,Jacynth,Pickston,jpickstond2@irs.gov,Female,Ceper,Media Manager IV
472,Pacorro,Olivas,polivasd3@chicagotribune.com,Male,Corani,Operator
473,Aubine,Vass,avassd4@cafepress.com,Female,Zhongbao,Tax Accountant
474,Harald,Sutherden,hsutherdend5@bing.com,Male,San Fernando de Atabapo,Developer II
475,Gus,Hammerton,ghammertond6@mysql.com,Male,Xinning,Budget/Accounting Analyst I
476,Gwendolin,Segoe,gsegoed7@cam.ac.uk,Female,Sjöbo,VP Marketing
477,Zerk,Whipp,zwhippd8@issuu.com,Male,Onan Ganjang Satu,Automation Specialist II
478,Abeu,Swatheridge,aswatheridged9@livejournal.com,Male,Libas,Payment Adjustment Coordinator
479,Marilyn,Barrat,mbarratda@comcast.net,Female,Charlotte,Physical Therapy Assistant
480,Oswald,Ashall,oashalldb@nifty.com,Male,Luocheng,Pharmacist
481,Sunny,Worms,swormsdc@illinois.edu,Male,Mozhaysk,Research Nurse
482,Leann,Learman,llearmandd@comsenz.com,Female,Xinfeng,Environmental Tech
483,Yolande,Pover,ypoverde@kickstarter.com,Female,Caringin,Pharmacist
484,Mohandas,Newsome,mnewsomedf@gov.uk,Male,Huping,GIS Technical Architect
485,Nady,Heppenspall,nheppenspalldg@51.la,Female,Shitong,Operator
486,Tiebout,Pretley,tpretleydh@upenn.edu,Male,Oke Mesi,VP Marketing
487,Agustin,Troker,atrokerdi@nytimes.com,Genderfluid,Căuşeni,Staff Scientist
488,Dulcine,Kondratenya,dkondratenyadj@myspace.com,Non-binary,Córdoba,Analyst Programmer
489,Bryanty,Capnerhurst,bcapnerhurstdk@theglobeandmail.com,Male,Rodionovo-Nesvetaiskoye,Senior Developer
490,Monro,Carrol,mcarroldl@g.co,Male,Wulan Hada,Internal Auditor
491,Aldo,Garces,agarcesdm@odnoklassniki.ru,Male,Senta,Sales Representative
492,Lefty,Hinnerk,lhinnerkdn@ameblo.jp,Male,Akebielidou,Analyst Programmer
493,Travis,O'Hagan,tohagando@chron.com,Male,Ar Rass,Software Engineer I
494,Dahlia,Costin,dcostindp@ask.com,Female,Nyuksenitsa,Assistant Media Planner
495,Bastian,Korneichuk,bkorneichukdq@opera.com,Male,Leipsoí,Social Worker
496,Anastassia,Huett,ahuettdr@canalblog.com,Genderqueer,Rakitnoye,Assistant Professor
497,Lou,Barfoot,lbarfootds@google.es,Male,Shuidong,Budget/Accounting Analyst IV
498,Mallissa,Pykerman,mpykermandt@google.de,Female,Kasiyan,Physical Therapy Assistant
499,Neron,Daftor,ndaftordu@shinystat.com,Male,Borek,Staff Scientist
500,Berky,Dailey,bdaileydv@time.com,Agender,Auch,Desktop Support Technician
501,Bibbye,Yuryev,byuryevdw@walmart.com,Female,Macedo de Cavaleiros,Senior Financial Analyst
502,Bentley,Cain,bcaindx@printfriendly.com,Male,Qiaoxi,Programmer Analyst I
503,Zelig,Stormonth,zstormonthdy@imgur.com,Male,Fukiage-fujimi,Mechanical Systems Engineer
504,De witt,Keeney,dkeeneydz@sitemeter.com,Male,Itabuna,Graphic Designer
505,Sigmund,Wheeler,swheelere0@csmonitor.com,Male,Matola,Environmental Specialist
506,Raul,Foulkes,rfoulkese1@google.fr,Male,Dalubian,Electrical Engineer
507,Loleta,Lenormand,llenormande2@sourceforge.net,Female,Ciudad Guayana,Programmer Analyst III
508,Portia,Beamond,pbeamonde3@wisc.edu,Bigender,Beaufort,VP Sales
509,Cyrus,Merton,cmertone4@multiply.com,Male,Kokkári,Account Coordinator
510,Aretha,Tankin,atankine5@nationalgeographic.com,Female,Desa Werasari,Sales Associate
511,Karissa,McNirlin,kmcnirline6@businesswire.com,Female,Tha Wang Pha,Recruiter
512,Simona,Mainston,smainstone7@google.com.br,Female,Albertville,Environmental Specialist
513,Corny,Meekin,cmeekine8@blogger.com,Agender,Novaya Igirma,Senior Sales Associate
514,Ange,Kembrey,akembreye9@webeden.co.uk,Female,Dhidhdhoo,Community Outreach Specialist
515,Peg,Wisdom,pwisdomea@biglobe.ne.jp,Female,Paitan Norte,Professor
516,Horacio,Fouracre,hfouracreeb@arizona.edu,Male,Catanduva,Software Engineer IV
517,Zebadiah,Dumphries,zdumphriesec@ucla.edu,Male,Lillooet,Account Representative I
518,Ryann,Sheepy,rsheepyed@economist.com,Female,Dori,Office Assistant III
519,Peggie,Dresse,pdresseee@scribd.com,Female,Tulung,Developer III
520,Maxwell,Broad,mbroadef@blogspot.com,Male,Carabamba,Actuary
521,Gawain,Treweela,gtreweelaeg@quantcast.com,Male,Cerro Blanco,Librarian
522,Celestine,Drane,cdraneeh@etsy.com,Female,Ajman,Sales Associate
523,Valentine,Lyon,vlyonei@ow.ly,Female,Botucatu,Health Coach II
524,Cletis,Culp,cculpej@1688.com,Male,Abnūb,Senior Editor
525,Artie,Brient,abrientek@quantcast.com,Male,Batu,Assistant Media Planner
526,Carling,Blezard,cblezardel@examiner.com,Male,Södra Sandby,Civil Engineer
527,Shae,Blankau,sblankauem@illinois.edu,Male,Górki Wielkie,Editor
528,Ivett,Goggin,igogginen@dyndns.org,Female,Farmahīn,Chemical Engineer
529,Anya,Reneke,arenekeeo@mediafire.com,Female,Gwio Kura,Computer Systems Analyst IV
530,Ker,Saket,ksaketep@msu.edu,Non-binary,Göteborg,GIS Technical Architect
531,Kellby,Addeycott,kaddeycotteq@unc.edu,Male,Modot,Design Engineer
532,Josi,Jaegar,jjaegarer@people.com.cn,Female,Vân Canh,Structural Analysis Engineer
533,Geneva,Ohm,gohmes@irs.gov,Female,Boden,Financial Advisor
534,Lexi,Bonar,lbonaret@wsj.com,Female,Klagen,Accountant IV
535,Raimund,Monkeman,rmonkemaneu@indiatimes.com,Bigender,Kavála,Automation Specialist II
536,Normy,Kendal,nkendalev@discovery.com,Male,Estelí,Developer II
537,Tyson,Millery,tmilleryew@smh.com.au,Male,Weepangali,VP Accounting
538,Nadia,Danaher,ndanaherex@oakley.com,Genderfluid,Yangxipu,Account Representative III
539,Page,Henrie,phenrieey@sohu.com,Male,Dongpu,Budget/Accounting Analyst III
540,Niko,Eginton,negintonez@senate.gov,Male,Loma Bonita,Media Manager II
541,Dory,Grigolon,dgrigolonf0@tmall.com,Male,Gameleira,Senior Financial Analyst
542,Audrie,Buddleigh,abuddleighf1@clickbank.net,Female,Wangping,Geologist III
543,Lenard,Prator,lpratorf2@marketwatch.com,Male,Yanahuaya,Nuclear Power Engineer
544,Manny,Kerry,mkerryf3@webs.com,Male,Mibu,Legal Assistant
545,Demott,Bensusan,dbensusanf4@netlog.com,Male,Anjō,Clinical Specialist
546,Enrico,Guiden,eguidenf5@yahoo.co.jp,Polygender,Banjarejo,Marketing Manager
547,Grier,Munson,gmunsonf6@booking.com,Female,Estância,Research Associate
548,Heloise,Viles,hvilesf7@wsj.com,Female,Yongning,Information Systems Manager
549,Vinita,Szapiro,vszapirof8@icio.us,Female,Bungtiang Barat,Design Engineer
550,Umeko,Taffarello,utaffarellof9@barnesandnoble.com,Female,Néa Karváli,Design Engineer
551,Zerk,Gawler,zgawlerfa@networksolutions.com,Male,Góra Kalwaria,Community Outreach Specialist
552,Duke,Middleweek,dmiddleweekfb@wikimedia.org,Bigender,Isiolo,Database Administrator IV
553,Zelda,Drohan,zdrohanfc@sciencedirect.com,Female,New-Richmond,Media Manager II
554,Verla,Laurenson,vlaurensonfd@wikia.com,Female,Austin,Media Manager III
555,Arlin,Trangmar,atrangmarfe@pagesperso-orange.fr,Male,Aucallama,Help Desk Technician
556,Latia,McNeachtain,lmcneachtainff@acquirethisname.com,Female,Ochakovo-Matveyevskoye,Structural Analysis Engineer
557,Karina,Guthrum,kguthrumfg@hao123.com,Female,Az Ziyārah,Help Desk Operator
558,Theodoric,Malyj,tmalyjfh@edublogs.org,Male,Obrera,Automation Specialist I
559,Aurel,Katte,akattefi@symantec.com,Female,Luena,Software Consultant
560,Shelley,Pales,spalesfj@hubpages.com,Male,Guhuai,Data Coordiator
561,Marco,Knight,mknightfk@google.com,Male,Jingguan,Analyst Programmer
562,Borden,Markussen,bmarkussenfl@sphinn.com,Male,Xidoupu,Statistician III
563,Isadore,Folger,ifolgerfm@msu.edu,Male,Heshan,Software Engineer IV
564,Thomasina,Stichall,tstichallfn@engadget.com,Female,Gasri,Chief Design Engineer
565,Dorene,Comiam,dcomiamfo@home.pl,Bigender,Xinshao,Safety Technician IV
566,Tracey,Terrans,tterransfp@blinklist.com,Male,San Jose,Teacher
567,Glen,Ellerton,gellertonfq@google.it,Female,Piltown,Quality Control Specialist
568,Joni,Kilcullen,jkilcullenfr@comsenz.com,Polygender,Kaduengang,Librarian
569,Sukey,Gino,sginofs@tmall.com,Female,União,Geological Engineer
570,Paquito,Sirr,psirrft@bigcartel.com,Male,Pho Thong,Geological Engineer
571,Eb,Candwell,ecandwellfu@dmoz.org,Male,Tungipāra,Budget/Accounting Analyst III
572,Claribel,Fradgley,cfradgleyfv@taobao.com,Female,Eskilstuna,Electrical Engineer
573,Joy,Gentreau,jgentreaufw@odnoklassniki.ru,Female,Ramat Gan,Financial Analyst
574,Catrina,Gully,cgullyfx@smh.com.au,Female,Åkersberga,Food Chemist
575,Mandy,Lilian,mlilianfy@businessinsider.com,Female,Kimanuit,Speech Pathologist
576,Joli,Cowerd,jcowerdfz@deliciousdays.com,Female,Torsås,Associate Professor
577,Serene,Chantrell,schantrellg0@earthlink.net,Female,Babana,Biostatistician II
578,Der,Pentercost,dpentercostg1@howstuffworks.com,Male,Kali,Chief Design Engineer
579,Brandyn,Kamen,bkameng2@harvard.edu,Male,Afikpo,Data Coordiator
580,Cesar,De Beauchamp,cdebeauchampg3@aol.com,Male,Lagyná,Structural Engineer
581,Khalil,McCulloch,kmccullochg4@reuters.com,Male,Nkongsamba,Registered Nurse
582,Dionisio,Faustin,dfausting5@ucoz.com,Male,Cornillon,Help Desk Operator
583,Evey,Cackett,ecackettg6@umich.edu,Female,Esch-sur-Alzette,Editor
584,Morty,Schubert,mschubertg7@state.gov,Male,Firmat,Electrical Engineer
585,Alyss,Lawleff,alawleffg8@github.com,Female,Guaranésia,Marketing Assistant
586,Timotheus,Tatteshall,ttatteshallg9@nsw.gov.au,Genderfluid,Yinla,Senior Quality Engineer
587,Yanaton,Byford,ybyfordga@ihg.com,Male,Daguo,Financial Analyst
588,Adam,Rimer,arimergb@wordpress.com,Male,Luzhou,Research Assistant III
589,Zea,Trahar,ztrahargc@bbb.org,Female,Darungan,Recruiter
590,Phillipe,Stamps,pstampsgd@skyrock.com,Male,Shumerlya,Occupational Therapist
591,Bethany,Coode,bcoodege@bing.com,Female,Ruyigi,Legal Assistant
592,Sebastian,Sive,ssivegf@tiny.cc,Male,El Obeid,Quality Engineer
593,Earlie,Groves,egrovesgg@irs.gov,Male,Liangshui,Analyst Programmer
594,Billie,Munday,bmundaygh@go.com,Male,Kungshamn,Research Nurse
595,Fredi,Mixon,fmixongi@cyberchimps.com,Female,Tiaong,Programmer I
596,Harrie,O'Hanlon,hohanlongj@ucla.edu,Female,Nurota Shahri,Technical Writer
597,Esra,Cutridge,ecutridgegk@cocolog-nifty.com,Male,Talodi,VP Accounting
598,Tremayne,Gosneye,tgosneyegl@cbc.ca,Male,Armação de Pêra,Registered Nurse
599,Sharona,Kindle,skindlegm@behance.net,Female,Zherdevka,Financial Advisor
600,Krysta,Gregorace,kgregoracegn@earthlink.net,Female,Linxi,Clinical Specialist
601,Hulda,Giffen,hgiffengo@cisco.com,Female,Prizren,VP Sales
602,Zelig,Bulcock,zbulcockgp@soup.io,Male,Nova Granada,Registered Nurse
603,Dione,Burtonshaw,dburtonshawgq@macromedia.com,Bigender,Jaguimitan,Programmer IV
604,Putnam,Danielli,pdanielligr@google.es,Male,Porto União,Junior Executive
605,Gayelord,Dyett,gdyettgs@arizona.edu,Male,Oslo,Research Associate
606,Lory,Raunds,lraundsgt@washington.edu,Female,Qianqiao,Director of Sales
607,Cissy,Cowdry,ccowdrygu@comcast.net,Female,Sultan Kudarat,Recruiting Manager
608,Haven,Danat,hdanatgv@yolasite.com,Male,Ishim,Research Associate
609,Leeanne,Barff,lbarffgw@blog.com,Female,El Cortezo,Project Manager
610,Bonnibelle,Ahren,bahrengx@google.com,Female,Yaroslavl,Account Representative I
611,Malena,Lafont,mlafontgy@sfgate.com,Female,Zwierzyniec,Social Worker
612,Lesley,Keson,lkesongz@yellowpages.com,Male,Jiudu,Operator
613,Cozmo,Lindsley,clindsleyh0@bbc.co.uk,Male,Qŭrghonteppa,Compensation Analyst
614,Benji,Landeaux,blandeauxh1@wix.com,Male,Picassinos,Health Coach I
615,Ahmed,Patchett,apatchetth2@w3.org,Male,Kukoboy,Web Designer II
616,Daphne,Rumbellow,drumbellowh3@google.de,Female,Volodars’k-Volyns’kyy,Media Manager III
617,Gery,Toombes,gtoombesh4@illinois.edu,Male,Mitake,Help Desk Operator
618,Rogers,Goodband,rgoodbandh5@goodreads.com,Male,Banī Walīd,Executive Secretary
619,Homer,Arlow,harlowh6@barnesandnoble.com,Male,Melati,Office Assistant IV
620,Lief,Rigge,lriggeh7@cbsnews.com,Male,Podstepki,Information Systems Manager
621,Fonzie,Sharper,fsharperh8@godaddy.com,Male,Gudang,Recruiting Manager
622,Glenn,Guillain,gguillainh9@aol.com,Male,Pasarnangka,Director of Sales
623,Alyss,Cracknell,acracknellha@clickbank.net,Female,Kalianget,Engineer III
624,Ebony,Blazi,eblazihb@icio.us,Female,Osias,Registered Nurse
625,Karie,Edinboro,kedinborohc@indiatimes.com,Female,Caopie,Chief Design Engineer
626,Annnora,Gouldthorp,agouldthorphd@ucla.edu,Female,Xiaocun,Engineer III
627,Odell,Toulson,otoulsonhe@jalbum.net,Male,Yushugou,Research Assistant I
628,Fredelia,Danielut,fdanieluthf@msu.edu,Female,Koceljeva,Desktop Support Technician
629,Cordey,Dalligan,cdalliganhg@ted.com,Female,Chita,Director of Sales
630,Gregg,Jorge,gjorgehh@desdev.cn,Male,Lagunillas,Associate Professor
631,Angelika,Yallowley,ayallowleyhi@washington.edu,Female,Massaranduba,Pharmacist
632,Hana,Guillain,hguillainhj@example.com,Female,Kura,VP Quality Control
633,Thurstan,Tow,ttowhk@imdb.com,Bigender,Donji Dobrić,Paralegal
634,Olivie,Carson,ocarsonhl@berkeley.edu,Bigender,Velikiy Ustyug,Internal Auditor
635,Mauricio,Rollitt,mrollitthm@paginegialle.it,Male,Bonsari,Desktop Support Technician
636,Normie,Bousfield,nbousfieldhn@hostgator.com,Male,Konosha,Community Outreach Specialist
637,Udell,McNish,umcnishho@stumbleupon.com,Male,Don Mueang,Research Associate
638,Cecile,Lovick,clovickhp@flickr.com,Female,Renchaoxi,Help Desk Technician
639,Sheela,Renak,srenakhq@google.co.jp,Female,Huolianpo,Dental Hygienist
640,Felicio,Reuss,freusshr@paypal.com,Male,Pélla,Project Manager
641,Justus,Gerdes,jgerdeshs@phoca.cz,Male,Las Sabanas,VP Accounting
642,Ingrim,Bakeup,ibakeupht@dion.ne.jp,Male,Shanglian,Senior Developer
643,Micaela,Bolitho,mbolithohu@home.pl,Female,Conchucos,Budget/Accounting Analyst I
644,Babbette,Antao,bantaohv@hibu.com,Agender,Qorashina,Computer Systems Analyst III
645,Raquel,Chelnam,rchelnamhw@army.mil,Female,Lyasny,Software Engineer IV
646,Dyann,Screen,dscreenhx@dedecms.com,Female,Vorontsovka,Community Outreach Specialist
647,Andria,Dignum,adignumhy@list-manage.com,Female,Dogonbadan,Accounting Assistant III
648,Ara,Redpath,aredpathhz@psu.edu,Female,Yidu,Senior Quality Engineer
649,Gav,Tyne,gtynei0@bloglovin.com,Male,Caridad,Business Systems Development Analyst
650,Berton,Forde,bfordei1@census.gov,Male,Entre Rios,Tax Accountant
651,April,Bills,abillsi2@mozilla.com,Polygender,Karátoulas,Research Nurse
652,Eddie,Veevers,eveeversi3@youtu.be,Male,Arish,Assistant Media Planner
653,Issie,Colliss,icollissi4@constantcontact.com,Female,Malabonot,Clinical Specialist
654,Coraline,Skough,cskoughi5@github.com,Female,Garunggang,Data Coordiator
655,Gerick,Puxley,gpuxleyi6@mashable.com,Male,Dokuchayevs’k,Payment Adjustment Coordinator
656,Sabine,Barde,sbardei7@myspace.com,Female,Phúc Yên,Engineer II
657,Bernadine,Burt,bburti8@mit.edu,Female,Lyubashivka,Systems Administrator II
658,Bert,Rigby,brigbyi9@technorati.com,Male,Sainyabuli,Programmer IV
659,Bab,Farndell,bfarndellia@theatlantic.com,Female,Ristinummi,Web Designer I
660,Jehanna,Wray,jwrayib@zimbio.com,Female,Montería,Marketing Assistant
661,Udall,Menezes,umenezesic@biglobe.ne.jp,Male,Trinidad,Research Nurse
662,Hestia,McFade,hmcfadeid@unblog.fr,Female,Masākin,Human Resources Assistant III
663,Penni,Trawin,ptrawinie@cargocollective.com,Female,São Pedro do Estoril,Teacher
664,Winni,Milliere,wmilliereif@livejournal.com,Female,Ágios Stéfanos,Media Manager II
665,Grethel,Carlin,gcarlinig@about.me,Female,Yaojiaji,Account Coordinator
666,Melitta,Kennermann,mkennermannih@discuz.net,Female,Mataya,Human Resources Manager
667,Annamarie,Saunter,asaunterii@earthlink.net,Female,Rodniki,Computer Systems Analyst II
668,Skipp,Fanthome,sfanthomeij@yahoo.com,Male,Birmingham,Analog Circuit Design manager
669,Felipa,MacKniely,fmacknielyik@pbs.org,Female,Sebulu,Operator
670,Rick,Warlow,rwarlowil@multiply.com,Male,Benito Juarez,Director of Sales
671,Roanne,Tenant,rtenantim@craigslist.org,Female,Kuala Terengganu,Programmer Analyst II
672,Antonino,Sutehall,asutehallin@mayoclinic.com,Male,Pýli,Analog Circuit Design manager
673,Sansone,Cruttenden,scruttendenio@army.mil,Male,Paris 10,Legal Assistant
674,Lidia,Bernat,lbernatip@indiatimes.com,Female,Mari,Data Coordiator
675,Filia,Corkill,fcorkilliq@gizmodo.com,Female,Colón,Dental Hygienist
676,Boniface,Drugan,bdruganir@constantcontact.com,Male,Montenegro,Account Executive
677,Mayne,Yelden,myeldenis@discovery.com,Male,Gjirokastër,VP Quality Control
678,Whitaker,Spohrmann,wspohrmannit@gnu.org,Male,Curitiba,Compensation Analyst
679,Gus,Caesman,gcaesmaniu@dailymotion.com,Male,Chapecó,Senior Developer
680,Stanislas,Breming,sbremingiv@bloglines.com,Polygender,Rizal,Web Designer III
681,Sianna,Clutten,sclutteniw@tinypic.com,Female,Ruen,Nurse Practicioner
682,Gwenny,Pettingall,gpettingallix@bloglovin.com,Female,Kurbnesh,Accountant III
683,Giorgia,Hosier,ghosieriy@nbcnews.com,Female,Krajan Langenharjo,Human Resources Assistant III
684,Olia,Orknay,oorknayiz@ycombinator.com,Female,Raas,Teacher
685,Janelle,Minghi,jminghij0@hud.gov,Female,Đồng Mỏ,Financial Advisor
686,Krisha,Reddie,kreddiej1@ehow.com,Male,Akron,Research Nurse
687,Henrik,Diess,hdiessj2@sbwire.com,Male,Itupeva,Nurse
688,Edouard,Colborn,ecolbornj3@ed.gov,Male,Ngarus,Environmental Specialist
689,Davina,Rickarsey,drickarseyj4@dedecms.com,Female,Bojadła,Programmer Analyst III
690,Vivian,Jocelyn,vjocelynj5@hc360.com,Female,North Little Rock,Web Designer II
691,Chad,O'Halligan,cohalliganj6@livejournal.com,Female,Runaway Bay,Help Desk Operator
692,Boot,Rawcliffe,brawcliffej7@forbes.com,Male,Cabeças Verdes,Structural Engineer
693,Kristen,Pounsett,kpounsettj8@chron.com,Female,Salanegara,Administrative Officer
694,Clemence,Morlon,cmorlonj9@phpbb.com,Female,Ubaté,Help Desk Technician
695,Konrad,Husby,khusbyja@opensource.org,Male,Volgograd,GIS Technical Architect
696,Gail,Roark,groarkjb@bigcartel.com,Male,Tocok,Human Resources Manager
697,Alasdair,Sor,asorjc@i2i.jp,Genderfluid,Kalabahi,GIS Technical Architect
698,Garwin,Quilty,gquiltyjd@chicagotribune.com,Male,Saumur,Community Outreach Specialist
699,Ferdy,Sabie,fsabieje@nytimes.com,Male,Kyrylivka,Tax Accountant
700,Luisa,Clampe,lclampejf@go.com,Female,Urug,Sales Representative
701,Ashlie,Olenchenko,aolenchenkojg@bloglovin.com,Female,Utrecht (stad),Desktop Support Technician
702,Alberto,Santen,asantenjh@answers.com,Male,Krasnaya Polyana,Quality Engineer
703,Allegra,Sor,asorji@linkedin.com,Female,Nierumai,Internal Auditor
704,Raddie,Howell,rhowelljj@freewebs.com,Male,Zhashkiv,Payment Adjustment Coordinator
705,Alexandr,Walklott,awalklottjk@ning.com,Male,Telengsari,Systems Administrator III
706,Coreen,Patterfield,cpatterfieldjl@slate.com,Female,Cuilco,VP Marketing
707,Louis,Selborne,lselbornejm@dion.ne.jp,Male,Huaikan,Dental Hygienist
708,Evelyn,O' Timony,eotimonyjn@google.co.uk,Female,Linhu,Account Executive
709,Maurizio,Clemow,mclemowjo@upenn.edu,Male,Dalianwan,Senior Quality Engineer
710,Andrei,Shann,ashannjp@joomla.org,Female,Shenshu,Junior Executive
711,Bert,Gehring,bgehringjq@hubpages.com,Male,Huanggong,Assistant Professor
712,Martin,MacGarvey,mmacgarveyjr@clickbank.net,Male,Avignon,Marketing Manager
713,Erwin,Ambrosio,eambrosiojs@squarespace.com,Male,Damiao,Environmental Specialist
714,Kin,Cirlos,kcirlosjt@cisco.com,Male,Raydah,Assistant Professor
715,Turner,Bernini,tberniniju@tripadvisor.com,Male,Tofol,Geologist IV
716,Muriel,Karlowicz,mkarlowiczjv@huffingtonpost.com,Female,Đống Đa,Data Coordiator
717,Sergeant,Hanks,shanksjw@imdb.com,Polygender,Vigo,Administrative Officer
718,Tonie,Astill,tastilljx@springer.com,Female,Al Fandaqūmīyah,Payment Adjustment Coordinator
719,Iggy,Frain,ifrainjy@digg.com,Male,Kisai,Paralegal
720,Nathaniel,Maccraw,nmaccrawjz@imdb.com,Male,Bereeda,VP Marketing
721,Pacorro,Hadigate,phadigatek0@tripadvisor.com,Male,San-Pédro,Director of Sales
722,Sinclare,Cheson,schesonk1@goo.ne.jp,Male,Chagoda,General Manager
723,Lura,Keynes,lkeynesk2@goo.ne.jp,Female,Nouvelle France,Structural Engineer
724,Hasty,Jacobsson,hjacobssonk3@nyu.edu,Bigender,Az Zawr,Assistant Media Planner
725,Delmar,Patrie,dpatriek4@aol.com,Male,Tengah,Technical Writer
726,Jereme,Deveril,jdeverilk5@ucsd.edu,Male,Loma Alta,Help Desk Technician
727,Elysha,Ughi,eughik6@hugedomains.com,Agender,Youxi,Chemical Engineer
728,Liane,MacCahey,lmaccaheyk7@vkontakte.ru,Female,Huatai,Recruiting Manager
729,Gwenette,Wrench,gwrenchk8@webs.com,Female,Zengji,Chemical Engineer
730,Taffy,Radke,tradkek9@loc.gov,Female,Aksarka,Senior Developer
731,Doroteya,Tidgewell,dtidgewellka@hubpages.com,Female,Rio Largo,Speech Pathologist
732,Rochester,Terbrug,rterbrugkb@sohu.com,Male,Nieszawa,Clinical Specialist
733,Gladys,Breckin,gbreckinkc@ted.com,Female,San Ignacio de Tupile,Account Coordinator
734,Owen,Glawsop,oglawsopkd@usgs.gov,Male,Orlu,Sales Representative
735,Hannis,Endricci,hendriccike@cbc.ca,Female,Nong Don,Nuclear Power Engineer
736,Cristionna,Cleverly,ccleverlykf@icio.us,Female,Nato,Programmer I
737,Ophelia,Dumphries,odumphrieskg@cisco.com,Female,Hetoudian,Structural Engineer
738,Jude,Dorsett,jdorsettkh@cargocollective.com,Male,Mantalongon,Data Coordiator
739,Shelly,McGeagh,smcgeaghki@soup.io,Female,Färgelanda,Quality Control Specialist
740,Parke,Delia,pdeliakj@smugmug.com,Male,Pontalina,Operator
741,Moselle,Drains,mdrainskk@globo.com,Female,Jindong,Software Engineer III
742,Gris,Simonassi,gsimonassikl@prweb.com,Male,Villeta,Senior Developer
743,Donnamarie,Bedow,dbedowkm@usa.gov,Female,Moss,Mechanical Systems Engineer
744,Fonz,Mazzeo,fmazzeokn@xrea.com,Male,Dashkawka,Geologist III
745,Rufus,Giraldo,rgiraldoko@microsoft.com,Male,Massy,Information Systems Manager
746,Cord,Chown,cchownkp@myspace.com,Male,Valsamáta,Administrative Officer
747,Kizzee,Bussetti,kbussettikq@wp.com,Female,Dhrosiá,Graphic Designer
748,Mike,Louth,mlouthkr@adobe.com,Male,Modakeke,Product Engineer
749,Gard,Bushaway,gbushawayks@jiathis.com,Male,Zheyuan,Media Manager I
750,Olimpia,Feige,ofeigekt@unblog.fr,Female,Buffalo,Account Representative IV
751,Pincus,Ruppele,pruppeleku@wufoo.com,Male,Öjebyn,Financial Analyst
752,Tedd,Perassi,tperassikv@over-blog.com,Male,Zhuxing Chaoxianzu,Sales Representative
753,Berri,Milne,bmilnekw@a8.net,Female,Mekkaw,Sales Representative
754,Aila,Ruffles,aruffleskx@linkedin.com,Female,Sezemice,Cost Accountant
755,Law,Brundall,lbrundallky@dropbox.com,Male,Haninge,Assistant Manager
756,Allis,Needham,aneedhamkz@nymag.com,Female,Rafael Perazza,Health Coach II
757,Whitney,Penni,wpennil0@apache.org,Genderfluid,Dukhovnitskoye,Staff Accountant III
758,Mariana,Schultze,mschultzel1@mlb.com,Female,Morávka,Software Consultant
759,Milty,McNern,mmcnernl2@illinois.edu,Male,Turt,Geological Engineer
760,Allard,Aleksic,aaleksicl3@examiner.com,Non-binary,Bilao,Social Worker
761,Gisele,Danes,gdanesl4@msu.edu,Female,Kokotów,Budget/Accounting Analyst II
762,Sampson,Nurden,snurdenl5@skype.com,Male,Daze,Senior Developer
763,Lilli,Tie,ltiel6@1688.com,Female,Uíge,VP Marketing
764,Lay,Peasnone,lpeasnonel7@springer.com,Male,Węgry,Marketing Manager
765,Raffaello,Jacques,rjacquesl8@merriam-webster.com,Male,Bekondo,Legal Assistant
766,Connie,Peche,cpechel9@blogger.com,Male,Tvŭrditsa,Software Test Engineer III
767,Marius,Couttes,mcouttesla@slate.com,Male,Pu’an,Registered Nurse
768,Thibaut,Schindler,tschindlerlb@sciencedaily.com,Male,Maple Plain,Engineer I
769,Lonnard,Peres,lpereslc@lulu.com,Male,Mitzpe Ramon,VP Product Management
770,Derrick,Okell,dokellld@flavors.me,Male,Shatian,Assistant Media Planner
771,Amelie,Strutt,astruttle@zdnet.com,Female,Cacheu,Staff Accountant II
772,Devland,McClenaghan,dmcclenaghanlf@trellian.com,Male,Bagulin,Quality Control Specialist
773,Kerrin,Grabb,kgrabblg@who.int,Female,Nikolayevsk,Software Consultant
774,Willy,Frissell,wfrisselllh@sbwire.com,Female,Guadalupe,Environmental Specialist
775,Brendan,Airds,bairdsli@ft.com,Male,Iba,Office Assistant IV
776,Elysha,Lochhead,elochheadlj@issuu.com,Female,Shilovo,Software Engineer III
777,Cornelius,Mordy,cmordylk@yelp.com,Male,Isdalstø,Nurse
778,Ethelda,Conti,econtill@zdnet.com,Female,Borovan,Mechanical Systems Engineer
779,Lacey,Gianni,lgiannilm@google.co.jp,Female,Changchi,Research Associate
780,Mannie,Ramel,mramelln@hatena.ne.jp,Male,Laranganglintong,Nurse
781,Orelia,Orth,oorthlo@sphinn.com,Female,Youxi,Software Consultant
782,Elora,Pistol,epistollp@trellian.com,Female,Shentong,Web Designer II
783,Herminia,Dowdeswell,hdowdeswelllq@blogs.com,Female,Kokop,Marketing Manager
784,Helyn,Tutill,htutilllr@wired.com,Female,Krasnogorsk,Technical Writer
785,Lindie,Binding,lbindingls@pagesperso-orange.fr,Female,Toguchin,Tax Accountant
786,Linn,Linn,llinnlt@washingtonpost.com,Female,Congas,Mechanical Systems Engineer
787,Lauraine,Jezzard,ljezzardlu@blinklist.com,Female,Texíguat,Registered Nurse
788,Danyette,Vlasenko,dvlasenkolv@senate.gov,Female,Lashio,Research Nurse
789,Charo,Killough,ckilloughlw@istockphoto.com,Female,Rammūn,VP Marketing
790,Karlens,Oxenbury,koxenburylx@businessweek.com,Male,Rizal,Quality Engineer
791,Lynna,Iskower,liskowerly@vistaprint.com,Female,Waina,Help Desk Technician
792,Jan,Dahlbom,jdahlbomlz@topsy.com,Male,San Ramón,Occupational Therapist
793,Mae,Sagerson,msagersonm0@bandcamp.com,Genderfluid,Hamberang Sabrang,Administrative Officer
794,Alvera,Deboo,adeboom1@reference.com,Female,Tiên Lãng,Information Systems Manager
795,Lethia,Lemmon,llemmonm2@state.gov,Female,Chipinge,Operator
796,Wadsworth,McKeand,wmckeandm3@wunderground.com,Male,Béboto,Graphic Designer
797,Eziechiele,Brear,ebrearm4@harvard.edu,Male,Filothéi,Structural Analysis Engineer
798,Maurizia,Overpool,moverpoolm5@diigo.com,Female,Newlands,Developer I
799,Valera,Akrigg,vakriggm6@yolasite.com,Female,Chirkey,Account Representative IV
800,Feodor,McLeman,fmclemanm7@baidu.com,Male,Batang,Senior Quality Engineer
801,Amy,Markus,amarkusm8@histats.com,Female,Vassouras,Biostatistician II
802,Edi,Boyse,eboysem9@php.net,Female,Bemposta,Sales Representative
803,Kasey,Wyldbore,kwyldborema@acquirethisname.com,Female,Cangshan,VP Quality Control
804,Candace,Bannell,cbannellmb@nifty.com,Female,Kogota,Research Associate
805,Deeann,Vosper,dvospermc@cocolog-nifty.com,Female,Évreux,Marketing Manager
806,Amelina,Schirak,aschirakmd@moonfruit.com,Female,Phuket,Financial Analyst
807,Phaidra,Sketcher,psketcherme@census.gov,Female,San Pedro de Macorís,VP Quality Control
808,Georas,Milksop,gmilksopmf@cdc.gov,Male,Murree,Chemical Engineer
809,Jules,Vaudin,jvaudinmg@theguardian.com,Male,Fengsheng,Administrative Assistant I
810,Ludwig,Wehden,lwehdenmh@feedburner.com,Male,Chengbei,Civil Engineer
811,D'arcy,Zanini,dzaninimi@goo.gl,Male,Gialo,Executive Secretary
812,Diego,Sinfield,dsinfieldmj@ustream.tv,Male,Chłapowo,Financial Advisor
813,Gabrila,Freshwater,gfreshwatermk@nsw.gov.au,Female,Ljukovo,Junior Executive
814,Adelind,Pyle,apyleml@reddit.com,Female,Arevik,Legal Assistant
815,Luther,Frome,lfromemm@privacy.gov.au,Male,Yaita,GIS Technical Architect
816,Olivero,Edmeades,oedmeadesmn@wix.com,Male,Prokuplje,Director of Sales
817,Maryjo,Huske,mhuskemo@answers.com,Female,Jinzipai,Director of Sales
818,Orville,Tadlow,otadlowmp@yahoo.com,Male,Jianghua,Chief Design Engineer
819,Pollyanna,Calverley,pcalverleymq@g.co,Female,Cabano,Analyst Programmer
820,Benjie,Manvelle,bmanvellemr@bravesites.com,Male,Bangad,Teacher
821,Bryon,Lishmund,blishmundms@wix.com,Male,Tarikolot,Developer IV
822,Esme,Paddick,epaddickmt@engadget.com,Male,Bondoukou,Senior Cost Accountant
823,Bert,Blindmann,bblindmannmu@issuu.com,Female,Ust’ye,Analyst Programmer
824,Joana,Milne,jmilnemv@apache.org,Female,Kalepasan,Automation Specialist IV
825,Cinda,Ames,camesmw@instagram.com,Female,Oro Timur,Programmer III
826,Dulsea,Veevers,dveeversmx@prweb.com,Female,Sairam,Senior Financial Analyst
827,Camille,Gent,cgentmy@google.co.uk,Agender,Östhammar,Nurse
828,Northrop,Jacson,njacsonmz@com.com,Male,Mmathubudukwane,VP Product Management
829,Emmet,Sarfass,esarfassn0@tinypic.com,Male,Shuangqiaoping,Account Representative IV
830,Felizio,Anglim,fanglimn1@sogou.com,Male,Xinshi,Editor
831,Gisele,Lorraway,glorrawayn2@usgs.gov,Female,Krasnyy Luch,Nurse
832,Engelbert,Abramchik,eabramchikn3@cisco.com,Male,Pasarnangka,Budget/Accounting Analyst III
833,Rahel,Giggie,rgiggien4@mac.com,Female,Yumbo,Human Resources Manager
834,Melodie,Raynham,mraynhamn5@devhub.com,Female,Pasto,Civil Engineer
835,Suki,Fulleylove,sfulleyloven6@ted.com,Female,Huangzhuang,VP Marketing
836,Anica,Stede,asteden7@unesco.org,Female,Smederevska Palanka,Executive Secretary
837,Babb,O'Brallaghan,bobrallaghann8@altervista.org,Female,Roriz,Food Chemist
838,Torrin,Wombwell,twombwelln9@princeton.edu,Male,Baldone,Tax Accountant
839,Angel,Chimenti,achimentina@csmonitor.com,Male,Incheon,Nuclear Power Engineer
840,Allyn,Loud,aloudnb@tumblr.com,Male,Black River,Human Resources Manager
841,Winn,Davsley,wdavsleync@livejournal.com,Male,San Miguel,Compensation Analyst
842,Ephrayim,Scrine,escrinend@weebly.com,Bigender,Nifuboko,Chief Design Engineer
843,Katrinka,Durbyn,kdurbynne@angelfire.com,Female,Manghit,Cost Accountant
844,Marcelia,Balbeck,mbalbecknf@yolasite.com,Female,Kibre Mengist,Teacher
845,Juliet,Trayford,jtrayfordng@typepad.com,Female,Bayabas,Editor
846,Nollie,Gowrich,ngowrichnh@symantec.com,Male,Hangu,Biostatistician III
847,Kippar,Sandlin,ksandlinni@imdb.com,Polygender,Gambang,Paralegal
848,Oliy,Blant,oblantnj@digg.com,Female,Urechcha,Financial Analyst
849,Leora,Gouch,lgouchnk@mashable.com,Polygender,Nova Olímpia,Nuclear Power Engineer
850,Sebastien,Klima,sklimanl@lycos.com,Male,Flor da Rosa,Technical Writer
851,Cleon,Simester,csimesternm@techcrunch.com,Male,Morón,Web Designer I
852,Mercy,Sherreard,msherreardnn@army.mil,Female,Wirodayan,Data Coordiator
853,Margalo,Flaubert,mflaubertno@uiuc.edu,Female,Västra Frölunda,Nurse Practicioner
854,Wandie,McPartling,wmcpartlingnp@bloglines.com,Female,Maesan,Teacher
855,Dianna,Veschambre,dveschambrenq@engadget.com,Female,Pofadder,Software Test Engineer IV
856,Skippy,Durnian,sdurniannr@yellowbook.com,Male,Xiaozhi,Paralegal
857,Noll,Ethelston,nethelstonns@histats.com,Male,Pandaan,Paralegal
858,Brnaba,McCarlie,bmccarlient@unesco.org,Male,Čížkovice,Human Resources Assistant III
859,Cammy,Banishevitz,cbanishevitznu@delicious.com,Male,San Antonio,Graphic Designer
860,Everett,Hardwich,ehardwichnv@google.it,Male,Hisya,Teacher
861,Hamel,Featonby,hfeatonbynw@wix.com,Male,Juwana,Junior Executive
862,Elberta,McNair,emcnairnx@bizjournals.com,Female,Le Kremlin-Bicêtre,Staff Scientist
863,Creighton,Jurries,cjurriesny@i2i.jp,Male,Nanpu,Mechanical Systems Engineer
864,Lilyan,Otteridge,lotteridgenz@imgur.com,Female,Rovnoye,Software Test Engineer I
865,Evey,Brannon,ebrannono0@trellian.com,Female,Rasskazovo,Structural Analysis Engineer
866,Shayla,Giddons,sgiddonso1@cnn.com,Female,Titay,Nuclear Power Engineer
867,Lizabeth,Castilljo,lcastilljoo2@wordpress.com,Female,Sedlčany,Recruiter
868,Kerr,Havick,khavicko3@craigslist.org,Male,Ayapel,Executive Secretary
869,Adorne,Barhems,abarhemso4@miibeian.gov.cn,Female,Weixing,VP Sales
870,Heywood,Westwater,hwestwatero5@scribd.com,Male,Cijayana,Physical Therapy Assistant
871,Ian,Adhams,iadhamso6@sciencedaily.com,Male,Bangkok,Assistant Manager
872,Myrah,Douris,mdouriso7@alibaba.com,Female,Yuanping,Pharmacist
873,Mahala,Hargerie,mhargerieo8@jiathis.com,Female,Yuqi,Assistant Media Planner
874,Conrade,Twitchings,ctwitchingso9@simplemachines.org,Male,Fraga,Senior Sales Associate
875,Billye,Juares,bjuaresoa@webs.com,Female,Kostryzhivka,Engineer I
876,Upton,Conre,uconreob@princeton.edu,Male,Hai Riêng,VP Product Management
877,Stepha,Caisley,scaisleyoc@illinois.edu,Female,Zdenci,Media Manager II
878,Kristoforo,Squier,ksquierod@nydailynews.com,Male,Yunxi,Quality Engineer
879,Antonella,Nowaczyk,anowaczykoe@woothemes.com,Female,Dante Delgado,Social Worker
880,Findley,Klimkovich,fklimkovichof@xinhuanet.com,Male,Al Wardānīn,Compensation Analyst
881,Jaquenette,McComas,jmccomasog@dyndns.org,Female,Jiangwan,Paralegal
882,Gilburt,Moffet,gmoffetoh@biglobe.ne.jp,Male,Uścimów Stary,Design Engineer
883,Cedric,Cristoforo,ccristoforooi@nih.gov,Male,Pul-e Sangī,GIS Technical Architect
884,Aloisia,Izzatt,aizzattoj@businessweek.com,Female,Tuguan,Research Nurse
885,Arlen,Kayes,akayesok@google.ru,Male,Mattawa,Programmer II
886,Shirleen,Fidgin,sfidginol@wisc.edu,Female,Quintão,Statistician III
887,Bartholomew,Bonicelli,bbonicelliom@rambler.ru,Male,Yicheng,Marketing Assistant
888,Lina,Gaw,lgawon@squidoo.com,Female,Longwan,Junior Executive
889,Emery,Sabbin,esabbinoo@indiatimes.com,Male,Padilla,Graphic Designer
890,Aurelia,Nouch,anouchop@ustream.tv,Female,Būrewāla,Data Coordiator
891,Antonius,Shrieve,ashrieveoq@mediafire.com,Male,Melaka,Paralegal
892,Sisile,Tsarovic,stsarovicor@blogger.com,Female,Zhifang,Structural Analysis Engineer
893,Jess,Mattheus,jmattheusos@amazon.de,Male,Feijó,Senior Quality Engineer
894,Tandi,McGairl,tmcgairlot@ucoz.ru,Non-binary,Novyy Svit,Operator
895,Cad,Vedenichev,cvedenichevou@ask.com,Male,Warudoyong,Internal Auditor
896,Buddy,de Nore,bdenoreov@cam.ac.uk,Male,Del Pilar,Dental Hygienist
897,Calli,Zanutti,czanuttiow@hibu.com,Female,Baltasar Brum,Web Developer III
898,Erhard,Burgoin,eburgoinox@cbslocal.com,Male,Gedian,Web Designer II
899,Hernando,Trimby,htrimbyoy@1und1.de,Male,Butterworth,Senior Quality Engineer
900,Grenville,Gliddon,ggliddonoz@oaic.gov.au,Male,Lençóis Paulista,Account Coordinator
901,Sarena,Kibbe,skibbep0@bbb.org,Female,Borovichi,Professor
902,Duky,Hutton,dhuttonp1@squarespace.com,Male,Leudelange,Environmental Specialist
903,Peyter,Humbell,phumbellp2@multiply.com,Male,Sofo-Birnin-Gwari,Graphic Designer
904,Feodor,Jeandin,fjeandinp3@sfgate.com,Male,Ostrów Wielkopolski,Software Consultant
905,Olvan,Allberry,oallberryp4@ox.ac.uk,Male,Ayabaca,Cost Accountant
906,Shadow,Lambertz,slambertzp5@de.vu,Male,Xiali,Social Worker
907,Ashlin,Shardlow,ashardlowp6@skype.com,Male,Valinhos,Data Coordiator
908,Livvy,Keepence,lkeepencep7@last.fm,Female,Dukla,Speech Pathologist
909,Eben,Denyukin,edenyukinp8@yolasite.com,Male,Florencio Varela,Mechanical Systems Engineer
910,Emili,Hanssmann,ehanssmannp9@fda.gov,Female,Robertsport,Assistant Manager
911,Geordie,Extal,gextalpa@youtube.com,Bigender,Baoxing,Accountant II
912,Ninette,Gilloran,ngilloranpb@nba.com,Female,Ruyigi,Sales Representative
913,Grady,Savine,gsavinepc@biglobe.ne.jp,Male,Prokhladnyy,VP Marketing
914,Tamqrah,Cossell,tcossellpd@twitpic.com,Female,Lorica,Desktop Support Technician
915,Hardy,Pomfret,hpomfretpe@ft.com,Male,Ḩarastā,Assistant Manager
916,Silva,Breslane,sbreslanepf@hostgator.com,Female,Winong,Safety Technician I
917,Dannel,Vossing,dvossingpg@printfriendly.com,Male,Ragay,Research Nurse
918,Whitman,Pitblado,wpitbladoph@archive.org,Bigender,Lumsden,Statistician II
919,Bab,Soro,bsoropi@princeton.edu,Female,Meishan,VP Accounting
920,Maura,Coslitt,mcoslittpj@dot.gov,Female,Dorchester,Programmer IV
921,Morse,Nucciotti,mnucciottipk@networksolutions.com,Male,Maurole,Systems Administrator III
922,Cymbre,Pryer,cpryerpl@zdnet.com,Female,Huanchillas,Biostatistician IV
923,Gussi,Trevillion,gtrevillionpm@exblog.jp,Agender,Usquil,Systems Administrator III
924,Ellynn,Chyuerton,echyuertonpn@ca.gov,Female,Paoay,Cost Accountant
925,Freemon,Kuschel,fkuschelpo@ebay.com,Male,Padre Las Casas,Administrative Officer
926,Gasparo,Narraway,gnarrawaypp@bloomberg.com,Male,Xinhe,VP Quality Control
927,Jennie,Burnell,jburnellpq@goodreads.com,Agender,Dubai,Operator
928,Norrie,Mannix,nmannixpr@printfriendly.com,Agender,Kabukarudi,VP Marketing
929,Bari,Alred,balredps@tinyurl.com,Female,Węgliniec,Staff Scientist
930,Perren,Doerffer,pdoerfferpt@yale.edu,Male,Spas’ke,Cost Accountant
931,Bax,Highman,bhighmanpu@cornell.edu,Male,Fargo,Assistant Professor
932,Jard,Krzysztof,jkrzysztofpv@va.gov,Male,Moravský Krumlov,Environmental Specialist
933,Quentin,Ross,qrosspw@live.com,Male,Bofuer,Office Assistant I
934,Alfred,Blanko,ablankopx@ft.com,Male,Perelhal,Food Chemist
935,Ulberto,Marsie,umarsiepy@spiegel.de,Male,Cabatuan,Senior Cost Accountant
936,Kellen,Loftus,kloftuspz@wix.com,Male,Goryachevodskiy,Editor
937,Estrella,Paschke,epaschkeq0@dell.com,Female,Paratinga,Administrative Assistant IV
938,Darby,Croyden,dcroydenq1@time.com,Male,København,Media Manager I
939,Bondy,Roadknight,broadknightq2@earthlink.net,Male,Mangxing,Internal Auditor
940,Patrizia,Macek,pmacekq3@slate.com,Female,Fuchūchō,Dental Hygienist
941,Elysha,Costa,ecostaq4@google.de,Female,Samannūd,Structural Engineer
942,Guido,Oxbrough,goxbroughq5@patch.com,Male,N’dalatando,Account Executive
943,Iona,Sylvaine,isylvaineq6@wordpress.com,Female,La Esperanza,Biostatistician I
944,Cassaundra,Padell,cpadellq7@fotki.com,Non-binary,Lugulu,Office Assistant I
945,Etty,Witton,ewittonq8@squarespace.com,Female,Dainan,Senior Financial Analyst
946,Anallise,Kliement,akliementq9@usda.gov,Female,Bundibugyo,Analyst Programmer
947,Odie,Durnian,odurnianqa@spiegel.de,Male,Vysehrad,Teacher
948,Emmit,Liggins,eligginsqb@psu.edu,Male,Chisht-e Sharīf,VP Product Management
949,Kiley,Keller,kkellerqc@mediafire.com,Female,Yŏnmu,Technical Writer
950,Peg,Ovanesian,povanesianqd@paypal.com,Female,Chadian,Marketing Manager
951,Sada,Seear,sseearqe@opera.com,Female,Montalegre,Systems Administrator I
952,Alexa,Klosterman,aklostermanqf@prweb.com,Female,Shicang,Tax Accountant
953,Damien,Nolin,dnolinqg@rediff.com,Male,Smolyan,Assistant Manager
954,Dehlia,Tagg,dtaggqh@businessweek.com,Female,Vũ Thư,Desktop Support Technician
955,Babs,Fraine,bfraineqi@usa.gov,Female,Poncokusumo,Media Manager I
956,Javier,MacKim,jmackimqj@elegantthemes.com,Male,Skalat,Systems Administrator I
957,Shem,Witterick,switterickqk@typepad.com,Genderfluid,Rybache,Marketing Assistant
958,Caldwell,Myhan,cmyhanql@yolasite.com,Male,Kisumu,Desktop Support Technician
959,Carter,Vearncombe,cvearncombeqm@gov.uk,Male,Ardirejo,Design Engineer
960,Michele,Beament,mbeamentqn@quantcast.com,Male,São Paio de Gramaços,Account Coordinator
961,Jereme,Hannigane,jhanniganeqo@cdbaby.com,Male,Tamberías,Software Consultant
962,Elly,Bellefant,ebellefantqp@newsvine.com,Female,Xunhe,Account Coordinator
963,Raymond,Habden,rhabdenqq@elegantthemes.com,Male,Yulin,Account Coordinator
964,Courtenay,Scinelli,cscinelliqr@fotki.com,Female,Estância,Sales Associate
965,Korrie,Cowe,kcoweqs@aol.com,Female,Saint Croix,Recruiting Manager
966,Wilt,Paulitschke,wpaulitschkeqt@washington.edu,Male,Mayma,Technical Writer
967,Casey,Deakes,cdeakesqu@buzzfeed.com,Male,Portelinha,Librarian
968,Luigi,Aizikov,laizikovqv@clickbank.net,Male,Galaz,Senior Sales Associate
969,Filip,Spry,fspryqw@tumblr.com,Male,Khorugh,Research Assistant III
970,Micheil,Haskett,mhaskettqx@yellowbook.com,Non-binary,Tagawa,Actuary
971,Mose,Dayment,mdaymentqy@howstuffworks.com,Male,Shalizhai,Food Chemist
972,Gigi,McCaster,gmccasterqz@tumblr.com,Female,Jinping,Senior Financial Analyst
973,Paolo,Dovidian,pdovidianr0@army.mil,Male,Zongzhai,Engineer IV
974,Danell,Robert,drobertr1@forbes.com,Female,Kawanishi,Senior Financial Analyst
975,Sigfried,Pareman,sparemanr2@pinterest.com,Male,Tangxing,Registered Nurse
976,Mauricio,Godden,mgoddenr3@etsy.com,Male,Middelburg,Pharmacist
977,Lalo,Rolance,lrolancer4@abc.net.au,Male,Kanália,VP Product Management
978,Craggie,Tremblay,ctremblayr5@patch.com,Male,Dhangarhi,VP Product Management
979,Riccardo,Karlqvist,rkarlqvistr6@uiuc.edu,Male,Wilmington,Marketing Assistant
980,Mart,Fawke,mfawker7@google.fr,Male,Arnaía,Compensation Analyst
981,Damon,MacGaffey,dmacgaffeyr8@geocities.jp,Male,Buliwao,Geological Engineer
982,Dyane,Oxborough,doxboroughr9@epa.gov,Female,Fujia,Operator
983,Morly,Tuckwood,mtuckwoodra@psu.edu,Male,Tahe,Senior Cost Accountant
984,Leighton,Rough,lroughrb@example.com,Male,Bandeirantes,Software Consultant
985,Tabby,Peye,tpeyerc@indiatimes.com,Female,León,Assistant Professor
986,Thomasa,McMurty,tmcmurtyrd@intel.com,Female,Xinji,Community Outreach Specialist
987,Saudra,Postins,spostinsre@simplemachines.org,Female,Kabacan,Administrative Officer
988,Gwenore,Bauduccio,gbauducciorf@loc.gov,Female,Muromtsevo,Mechanical Systems Engineer
989,Othella,Purdom,opurdomrg@mapy.cz,Bigender,Bweyogerere,Recruiting Manager
990,Pauline,Laddle,pladdlerh@amazon.co.uk,Female,Chunjing,GIS Technical Architect
991,Reider,MacNeillie,rmacneillieri@mail.ru,Male,Jangheung,Accountant III
992,Hyacintha,Botton,hbottonrj@cloudflare.com,Female,Pringgoboyo,Project Manager
993,Dodie,Fairburne,dfairburnerk@soup.io,Female,Pasadena,Clinical Specialist
994,Linn,Hofner,lhofnerrl@etsy.com,Male,Aktau,Project Manager
995,Marietta,Raulin,mraulinrm@google.pl,Male,Hongguang,Civil Engineer
996,Lynette,Bispo,lbisporn@example.com,Female,Bayart Huxu,Computer Systems Analyst I
997,Daria,Camilli,dcamilliro@merriam-webster.com,Female,Höganäs,Budget/Accounting Analyst II
998,Renaldo,Goodwell,rgoodwellrp@statcounter.com,Male,Trinity,Information Systems Manager
999,Saxon,Felipe,sfeliperq@skype.com,Male,La Julia,Payment Adjustment Coordinator
1000,Lilla,Laterza,llaterzarr@macromedia.com,Female,Bumbuna,Speech Pathologist
